i>>?NAomero,Rubro,Estado,Municipio,Nombre del Area,Plazo de CertificaciA3n,Fecha de Certificacion,Superficie Certificada,Etnia a la que Pertenece,Ecosistemas,Observaciones
1,Empresas de ParticipaciA3n Estatal,Veracruz,Coatzacoalcos,Parque EcolA3gico Jaguaroundi,99 aA+-os,6/5/2002,960.73,N/A,"Selva Alta Perennifolia, Manglar de agua dulce, Pantano, VegetaciA3n acuA!tica",Obtuvo la ampliaciA3n de plazo a 99 aA+-os.
2,Personas FAsicas,Tabasco,Tacotalpa,"Rancho ""La AsunciA3n"", con el Area Natural Praderaotegida Yu-Balcah (Reserva EcolA3gica Yu Balkah, Estatal)",Perpetuidad,10/21/2003,572,N/A,"Selva Alta Perennifolia inundable, Manglar de agua dulce, Pantano, VegetaciA3n acuA!tica.",
3,Tierras de Uso ComAon,Oaxaca,Santiago Jocotepec,Cerro Chango,Perpetuidad,7/28/2004,700,Chinantecas,"Selva Alta Perennifolia, Selva Mediana Subperennifolia, GalerAa Riparia, Ecosistema cavernAcola.",
4,Comunidades,Oaxaca,San Felipe Usila,Area de ConservaciA3n San Pedro Tlatepusco,25 aA+-os,11/26/2004,"5,050",Chinantecas,"Selva Alta Perennifolia, Selva Mediana Subperennifolia, GalerAa Riparia, Bosque MesA3filo de MontaA+-a, Bosque de Pino-Encino",
5,Comunidades,Oaxaca,San Felipe Usila,Area de ConservaciA3n Santiago Tlatepusco,25 aA+-os,11/26/2004,"4,300",Chinantecas,"Selva Alta Perennifolia, Selva Mediana Subperennifolia, GalerAa Riparia, Bosque MesA3filo de MontaA+-a, Bosque de Pino-Encino",
6,Comunidades,Oaxaca,San Felipe Usila,Area de ConservaciA3n San Antonio del Barrio,25 aA+-os,11/26/2004,"1,500",Chinantecas,"Selva Alta Perennifolia, Selva Mediana Subperennifolia, GalerAa Riparia, Bosque MesA3filo de MontaA+-a, Bosque de Pino-Encino.",
7,Comunidades,Oaxaca,San Felipe Usila,Area de ConservaciA3n la Tierra del FaisA!n,25 aA+-os,11/26/2004,"9,670",Chinantecas,"GalerAa Riparia, Bosque MesA3filo de MontaA+-a, Bosque de Pino-Encino, Bosque Alpino",
8,Personas FAsicas,Puebla,Zihuatehutla,Area de PraderaeservaciA3n de la Naturaleza y Zona de Usos MAoltiples para el Ecoturismo KolijkA(c),Perpetuidad,2/25/2005,26,N/A,"Selva Mediana Subperennifolia, Bosque MesA3filo de MontaA+-a, GalerAa Riparia de Platanus, VegetaciA3n RupAcola (relicto xerA3filo), VegetaciA3n acuA!tica",
9,Comunidades,Oaxaca,Ixtlan de Juarez,Zonas de ConservaciA3n comunitaria Santo Domingo Cacalotepec,20 aA+-os,8/5/2005,999,Zapoteco,"Selva Mediana Subperennifolia, Bosque MesA3filo de MontaA+-a, Bosque de Pino-Encino, Bosque Alpino",
10,Personas FAsicas,Coahuila,Ocampo,Rancho Media Luna,50 aA+-os,8/9/2005,"15,000",N/A,"Matorral XerA3filo MicrA3filo, Matorral XerA3filo HalA3fito, Matorral XerA3filo GipsA3filo, Matorral XerA3filo RosetA3filo, Matorral XerA3filo Crasicaule, Pradera",
11,Personas FAsicas,Puebla,Xicotepec de Juarez,Cacalotepec fracciA3n Praderaimera y fracciA3n segunda,50 aA+-os,8/26/2005,36,N/A,Bosque MesA3filo de MontaA+-a,
12,Comunidades,Oaxaca,Guamelula,Area Comunitaria Praderaotegida San Isidro,Perpetuidad,11/22/2005,"5,308",N/A,"Selva Baja Caducifolia, Selva Mediana Caducifolia, Selva Baja Espinosa, GalerAa Riparia, Manglar, Tular, Matorral de dunas costeras",
13,Parcelas,Guerrero,Jose Azueta,Area de ConservaciA3n en el Ejido Las Ollas y Anexos,10 aA+-os,12/15/2005,287,N/A,Selva Mediana Subcaducifolia/Selva Baja Caducifolia,
14,Tierras de Uso ComAon,Oaxaca,Santo Domingo Tehuantepec,Las animas,10 aA+-os,12/15/2005,"2,500",Zapoteco,"Selva Baja Caducifolia, Selva Mediana Caducifolia, Selva Baja Espinosa",
15,Comunidades,Oaxaca,San Juan Tepehuxila,Zona de reserva ecolA3gica comunal de San Juan Teponaxtla,Perpetuidad,1/12/2006,"4,000",N/A,"GalerAa Riparia, Bosque MesA3filo de MontaA+-a, Bosque de Pino-Encino, Bosque Alpino",
16,Tierras de Uso ComAon,Veracruz,Amatlan de Reyes,Reserva EcolA3gica Natural Cuenca Alta del RAo Atoyac,30 aA+-os,3/8/2006,446,N/A,"Selva Alta Perennifolia, Selva Mediana Subperennifolia, GalerAa Riparia, Ecosistema cavernAcola, Ecosistemas acuA!ticos",
17,Tierras de Uso ComAon,Oaxaca,Santiago Jocotepec,Area de ConservaciA3n y PraderaotecciA3n San jacobo,20 aA+-os,3/8/2006,986,Chinanteco,"Selva Alta Perennifolia, Selva Mediana Subperennifolia, GalerAa Riparia, Ecosistema cavernAcola",
18,Comunidades,Oaxaca,San Pablo Etla,La Cruz-Corral de Piedra,15 aA+-os,3/8/2006,"2,335",Zapoteco,"GalerAa Riparia, Bosque MesA3filo de MontaA+-a, Bosque de Pino-Encino, Bosque Alpino",
19,Tierras de Uso ComAon,Oaxaca,Santiago Jocotepec,Terrenos dedicados a la conservaciA3n del Ejido Luis EcheverrAa,15 aA+-os,3/8/2006,800,Chinanteco,"Selva Alta Perennifolia, Selva Mediana Subperennifolia",
20,Tierras de Uso ComAon,Oaxaca,Santiago Jocotepec,Reserva Ejidal Vistahermosa,15 aA+-os,3/8/2006,"1,000",Chinanteco,"Selva Alta Perennifolia, Selva Mediana Subperennifolia",
21,Tierras de Uso ComAon,Oaxaca,Santo Domingo Tehuantepec,Cerro de la Garza,10 aA+-os,3/15/2006,208,N/A,"Selva Baja Caducifolia, Selva Mediana Subcaducifolia, Selva Baja Espinosa",
22,Sociedades,Sonora,Agua Praderaieta,Area de ConservaciA3n los Ojos 1 fracciones A y B,Perpetuidad,6/5/2006,"11,126",N/A,"Pradera, Chaparral, GalerAas de Sauce/Platanus, Sabana de Pino/Encino/JunApero",
23,Sociedades,Sonora,Agua Praderaieta,Area de ConservaciA3n los Ojos 2-fracciones C y D,Perpetuidad,6/5/2006,"10,302",N/A,"Pradera, Chaparral, GalerAas de Sauce/Platanus, Sabana de Pino/Encino/JunApero, Bosque de Pino-Encino",
24,Sociedades,Sonora,Agua Praderaieta,Area de ConservaciA3n los Ojos 3-fracciones E F G H I,Perpetuidad,6/5/2006,"12,839",N/A,"Pradera, Chaparral, GalerAas de Sauce/Platanus, Sabana de Pino/Encino/JunApero",
25,Asociaciones,YucatA!n,Tizimin,Area de ConservaciA3n El Zapotal,Perpetuidad,6/5/2006,"2,358",N/A,"Selva Mediana Subcaduciifolia, Selva Baja Inundable, Sabana, Cenotes, Ecosistema cavernAcola",
26,Comunidades,Oaxaca,San Pedro Huamelula,Reserva Comunal Mascalco,Perpetuidad,6/5/2006,"10,000",N/A,"Selva Baja Caducifolia, Selva Mediana Caducifolia, Selva Baja Espinosa, GalerAa Riparia, Manglar, Tular, Matorral de Dunas Costeras, Ecosistemas AcuA!ticos",
27,Tierras de Uso ComAon,Oaxaca,Matias Romero,Zonas de Uso ComAon del Ejido Los Angeles,10 aA+-os,6/5/2006,245,Mixe,"Selva Alta Perennifolia, Selva Mediana Subperennifolia",
28,Personas FAsicas,Tamaulipas,Antiguo Morelos,Rancho San Pedro,50 aA+-os,7/24/2006,805,N/A,"Selva Espinosa, Selva Baja Caducifolia, Selva Mediana Subcaducifolia, Ecosistema CavernAcola",
29,Parcelas,Guerrero,Jose Azueta,Areas de ConservaciA3n en el ejido de Vallecitos de Zaragoza y sus Anexos 528 Z-5 P1/1,10 aA+-os,7/25/2006,8,N/A,"Selva Mediana Subcaducifolia, Bosque MesA3filo.",
30,Parcelas,Guerrero,Jose Azueta,Areas de ConservaciA3n en el ejido de Vallecitos de Zaragoza y sus Anexos 665 Z-6 P1/1,10 aA+-os,7/25/2006,25,N/A,Selva Mediana Subcaducifolia,
31,Parcelas,Guerrero,Jose Azueta,Areas de ConservaciA3n en el ejido de Vallecitos de Zaragoza y sus Anexos 502 Z-5 P1/1,10 aA+-os,7/25/2006,4,N/A,"Selva Mediana Subcaducifolia, Bosque MesA3filo",
32,Parcelas,Guerrero,Jose Azueta,Areas de ConservaciA3n en el ejido de Vallecitos de Zaragoza y sus Anexos 652 Z-6 P1/1,10 aA+-os,7/25/2006,23,N/A,Selva Mediana Subcaducifolia,
33,Parcelas,Guerrero,Jose Azueta,Areas de ConservaciA3n en el ejido de Vallecitos de Zaragoza y sus Anexos 627 Z-6 P1/1,10 aA+-os,7/25/2006,22,N/A,"Selva Baja Caducifolia, Selva Mediana Subcaducifolia",
34,Parcelas,Guerrero,Jose Azueta,Areas de ConservaciA3n en el ejido Pantla 2 Z-1 P1/1,10 aA+-os,7/25/2006,80,N/A,Selva Mediana Subcaducifolia.,
35,Personas FAsicas,Oaxaca,Matias Romero,"""Rancho Los Manantiales""",10 aA+-os,10/23/2006,53,N/A,"Selva Alta Perennifolia, Selva Mediana Subperennifolia",
36,Personas FAsicas,Oaxaca,Pluma Hidalgo,"""La Pasionaria""",Perpetuidad,10/25/2006,1.75,N/A,"Selva Alta Perennifolia, Bosque MesA3filo de MontaA+-a",
37,Personas FAsicas,Oaxaca,Pluma Hidalgo,"""El Corozal""",Perpetuidad,11/25/2006,2,N/A,"Selva Alta Perennifolia, Bosque MesA3filo de MontaA+-a",
38,Personas FAsicas,Oaxaca,Pluma Hidalgo,"""Cafetal Soconusco""",Perpetuidad,10/25/2006,77,N/A,"Selva Alta Perennifolia, Bosque MesA3filo de MontaA+-a, Bosque de Pino-Encino",
39,Personas FAsicas,Oaxaca,Pluma Hidalgo,"""Cerro Azul""",Perpetuidad,10/25/2006,12.5,N/A,"Selva Alta Perennifolia, Bosque MesA3filo de MontaA+-a",
40,Personas FAsicas,Oaxaca,Pluma Hidalgo,"""Huancastle""",Perpetuidad,10/25/2006,22,N/A,"Selva Alta Perennifolia, Bosque MesA3filo de MontaA+-a",
41,Personas FAsicas,Oaxaca,Pluma Hidalgo,"""JuquAlita""",Perpetuidad,10/25/2006,119,N/A,"Selva Alta Perennifolia, Bosque MesA3filo de MontaA+-a, Bosque de Pino-Encino",
42,Personas FAsicas,Oaxaca,Pluma Hidalgo,"""ConcepciA3n Vista Hermosa""",Perpetuidad,10/25/2006,109,N/A,"Selva Alta Perennifolia, Bosque MesA3filo de MontaA+-a, Bosque de Pino-Encino",
43,Personas FAsicas,Oaxaca,Pluma Hidalgo,"""EL JordA!n""",Perpetuidad,10/25/2006,70.25,N/A,"Selva Alta Perennifolia, Bosque MesA3filo de MontaA+-a, Bosque de Pino-Encino",
44,Personas FAsicas,Oaxaca,Pluma Hidalgo,"""La LiBosque de Encinortad""",Perpetuidad,10/25/2006,4,N/A,"Selva Alta Perennifolia, Bosque MesA3filo de MontaA+-a",
45,Personas FAsicas,Oaxaca,Pluma Hidalgo,"""La Reforma""",Perpetuidad,10/25/2006,20,N/A,"Selva Alta Perennifolia, Bosque MesA3filo de MontaA+-a",
46,Personas FAsicas,Oaxaca,Pluma Hidalgo,"""Los Lirios""",Perpetuidad,10/25/2006,3,N/A,Selva Alta Perennifolia,
47,Personas FAsicas,Oaxaca,Pluma Hidalgo,"""Sacramento""",Perpetuidad,10/25/2006,6,N/A,"Selva Alta Perennifolia, Bosque MesA3filo de MontaA+-a",
48,Personas FAsicas,Oaxaca,Pluma Hidalgo,"""Trapiche""",Perpetuidad,10/25/2006,4,N/A,Selva Alta Perennifolia,
49,Personas FAsicas,Oaxaca,Pluma Hidalgo,"""La Soledad""",Perpetuidad,10/25/2006,10,N/A,"Selva Alta Perennifolia, Bosque MesA3filo de MontaA+-a",
50,Personas FAsicas,Oaxaca,Pluma Hidalgo,"""Cafetal Las Flores""",Perpetuidad,10/25/2006,28,N/A,"Selva Alta Perennifolia, Bosque MesA3filo de MontaA+-a",
51,Personas FAsicas,Oaxaca,Pluma Hidalgo,"""Juan Diego II""",Perpetuidad,10/25/2006,16,N/A,"Selva Alta Perennifolia, Bosque MesA3filo de MontaA+-a",
52,Personas FAsicas,Oaxaca,Pluma Hidalgo,"""San Antonio""",Perpetuidad,10/25/2006,4,N/A,"Selva Alta Perennifolia, Bosque MesA3filo de MontaA+-a",
53,Personas FAsicas,Oaxaca,Pluma Hidalgo,"""La Pasionaria""",Perpetuidad,10/25/2006,0.42,N/A,Bosque MesA3filo de MontaA+-a,
54,Personas FAsicas,Oaxaca,Pluma Hidalgo,"""Tierra Colorada""",Perpetuidad,10/25/2006,2,N/A,"Selva Alta Perennifolia, Bosque MesA3filo de MontaA+-a",
55,Personas FAsicas,Oaxaca,Pluma Hidalgo,"""San Ignacio""",Perpetuidad,10/25/2006,110,N/A,"Selva Alta Perennifolia, Bosque MesA3filo de MontaA+-a",
56,Personas FAsicas,Oaxaca,Pluma Hidalgo,"""Piedra Blanca""",Perpetuidad,10/25/2006,2,N/A,"Selva Alta Perennifolia, Bosque MesA3filo de MontaA+-a",
57,Personas FAsicas,Oaxaca,Pluma Hidalgo,"""Las Flores""",Perpetuidad,10/25/2006,2,N/A,Bosque MesA3filo de MontaA+-a,
58,Personas FAsicas,Oaxaca,Pluma Hidalgo,"""San Vicente""",Perpetuidad,10/25/2006,22,N/A,"Selva Alta Perennifolia, Bosque MesA3filo de MontaA+-a",
59,Personas FAsicas,Oaxaca,Pluma Hidalgo,"""Fraccionamiento Santa Fe""",Perpetuidad,10/25/2006,4,N/A,Selva Alta Perennifolia,
60,Personas FAsicas,Oaxaca,Pluma Hidalgo,"""Rosalito I""",Perpetuidad,10/25/2006,3,N/A,"Selva Alta Perennifolia, Bosque MesA3filo de MontaA+-a",
61,Tierras de Uso ComAon,Guerrero,Chilpancingo de los Bravo,"""El BorbollA3n, La Pandura y la Yerbabuena""",Perpetuidad,11/7/2006,817,N/A,"Bosque MesA3filo de MontaA+-a, Bosque de Pino Encino, Bosque de GalerAa, Bosque de Encino, Selva Baja Caducifolia",
62,Tierras de Uso ComAon,Aguascalientes,De El Llano,Area de PraderaotecciA3n del Aguila Real de la SerranAa de Juan Grande,50 aA+-os,11/7/2006,"2,589.45",N/A,"Pastizal-Huizachal, Matorral Crasicaule, Matorral de Encino, Bosque abierto de Encino",
63,Tierras de Uso ComAon,Oaxaca,Santa MarAa Jacatepec,"""Area de ConservaciA3n de la RiBosque de Encinora del Cajonos del Ejido Nuevo MA!lzaga""",99 aA+-os,11/10/2006,661.27,Chinanteca,"Selva Alta Perennifolia, Selva Mediana Subperennifolia, Ecosistema cavernAcola",
64,Comunidades,Oaxaca,Santa MarAa Jacatepec,Area de ConservaciA3n de la RiBosque de Encinora del Cajonos de la Comunidad de San Agustin,99 aA+-os,11/10/2006,"1,765.07",Chinanteca,"Selva Alta Perennifolia, Selva Mediana Subperennifolia, GalerAa Riparia, Ecosistema CavernAcola",
65,Tierras de Uso ComAon,Oaxaca,Ayotzintepec,Area de ConservaciA3n IndAgena de Monte Tinta,10 aA+-os,11/10/2006,"1,932.37",Chinanteca,"Selva Alta Perennifolia, Selva Mediana Subperennifolia, GalerAa Riparia, Ecosistema CavernAcola",
66,Tierras de Uso ComAon,Oaxaca,Santiago Jocotepec,"""Area de ConservaciA3n de la RiBosque de Encinora del Cajonos del Ejido Plan Mata de CaA+-a""",99 aA+-os,11/13/2006,"2,033.42",Chinanteca,"Selva Alta Perennifolia, Selva Mediana Subperennifolia, GalerAa Riparia, Ecosistema CavernAcola",
67,Tierras de Uso ComAon,Guerrero,Leonardo Bravo,"El Ocotalito, El Venadario y La Antena",20 aA+-os,11/13/2006,340.92,N/A,"Sabana de Pino Encino, Matorral de Encino",
68,Parcelas,Guerrero,Jose Azueta,Area de ConservaciA3n en el Ejido San Ignacio 45Z-1 P-1/1,10 aA+-os,1/8/2007,25,N/A,"Bosque MesA3filo de MontaA+-a, Selva Mediana Subcaducifolia",
69,Parcelas,Guerrero,Jose Azueta,Area de ConservaciA3n en el Ejido San Ignacio 136Z-1 P-1/1,10 aA+-os,1/8/2007,10,N/A,Selva Mediana Subcaducifolia,
70,Parcelas,Guerrero,Jose Azueta,Area de ConservaciA3n en el Ejido San Ignacio 137Z-1 P-1/1,10 aA+-os,1/8/2007,25,N/A,Selva Mediana Subcaducifolia,
71,Parcelas,Guerrero,Jose Azueta,Area de ConservaciA3n en el Ejido San Ignacio 12Z-1 P-1/1,10 aA+-os,1/8/2007,40,N/A,Selva Mediana Subcaducifolia,
72,Parcelas,Guerrero,Jose Azueta,Area de ConservaciA3n en el Ejido San Ignacio 101Z-1 P-1/1,10 aA+-os,1/8/2007,10,N/A,Selva Mediana Subcaducifolia,
73,Parcelas,Guerrero,Jose Azueta,Area de ConservaciA3n en el Ejido San Ignacio 82 Z-1 P-1/1,10 aA+-os,1/8/2007,15,N/A,Selva Mediana Subcaducifolia,
74,Parcelas,Guerrero,Jose Azueta,Area de ConservaciA3n en el Ejido San Ignacio 22Z-1 P-1/1,10 aA+-os,1/8/2007,24,N/A,"Selva Mediana Subcaducifolia, Selva Baja Caducifolia",
75,Parcelas,Guerrero,Jose Azueta,Area de ConservaciA3n en el Ejido San Ignacio 23Z-1 P-1/1,10 aA+-os,1/8/2007,16,N/A,Selva Mediana Subcaducifolia,
76,Parcelas,Guerrero,Jose Azueta,Area de ConservaciA3n en el Ejido San Ignacio 120Z-1 P-1/1,10 aA+-os,1/8/2007,30,N/A,"Selva Mediana Subcaducifolia, Selva Baja Caducifolia",
77,Parcelas,Guerrero,Jose Azueta,Area de ConservaciA3n en el Ejido San Ignacio 103Z-1 P-1/1,10 aA+-os,1/8/2007,120,N/A,"Selva Mediana Subcaducifolia, Selva Baja Caducifolia",
78,Parcelas,Guerrero,Jose Azueta,Area de ConservaciA3n en el Ejido San Ignacio 129Z-1 P-1/1,10 aA+-os,1/8/2007,100,N/A,Selva Mediana Subcaducifolia,
79,Parcelas,Guerrero,Jose Azueta,Area de ConservaciA3n en el Ejido San Ignacio 123Z-1 P-1/1,10 aA+-os,1/8/2007,60,N/A,"Selva Mediana Subcaducifolia, Selva Baja Caducifolia",
80,Parcelas,Guerrero,Jose Azueta,Area de ConservaciA3n en el Ejido San Ignacio 86Z-1 P-1/1,10 aA+-os,1/8/2007,10,N/A,"Selva Mediana Subcaducifolia, Selva Baja Caducifolia",
81,Parcelas,Guerrero,Jose Azueta,Area de ConservaciA3n en el Ejido San Ignacio 97Z-1 P-1/1,10 aA+-os,1/8/2007,35,N/A,Selva Mediana Subcaducifolia,
82,Parcelas,Guerrero,Jose Azueta,Area de ConservaciA3n en el Ejido San Ignacio 135Z-1 P-1/1,10 aA+-os,1/8/2007,30,N/A,Selva Mediana Subcaducifolia,
83,Parcelas,Guerrero,Jose Azueta,Area de ConservaciA3n en el Ejido San Ignacio 142Z-1 P-1/1,10 aA+-os,1/8/2007,40,N/A,Selva Mediana Subcaducifolia,
84,Parcelas,Guerrero,Jose Azueta,Area de ConservaciA3n en el Ejido San Ignacio 141Z-1 P-1/1,10 aA+-os,1/8/2007,100,N/A,"Selva Mediana Subcaducifolia, Selva Baja Caducifolia",
85,Parcelas,Guerrero,Jose Azueta,Area de ConservaciA3n en el Ejido San Ignacio 95Z-1 P-1/1,10 aA+-os,1/8/2007,40,N/A,Selva Mediana Subcaducifolia,
86,Tierras de Uso ComAon,Oaxaca,Santiago Jocotepec,"""Area de ConservaciA3n de la RiBosque de Encinora del Cajonos del Ejido Plan De San Luis""",Perpetuidad,1/19/2007,"1,360",Chinanteca,"Selva Alta Perennifolia, Selva Mediana Subperennifolia, Ecosistema cavernAcola",
87,Tierras de Uso ComAon,Nuevo LeA3n,AramBosque de Encinorri,Zona de RestauraciA3n EcolA3gica del Lobo Mexicano Potrero de Zamora,99 aA+-os,1/19/2007,"4,417.50",N/A,"Bosque Alpino, Bosque de Pino, Bosque de Pino Encino, Chaparral, Matorral DesA(c)rtico RosetA3filo, Matorral DesA(c)rtico MicrA3filo, Pastizal Inducido",
88,Tierras de Uso ComAon,Nuevo LeA3n,AramBosque de Encinorri,Zona de RestauraciA3n EcolA3gica del Lobo Mexicano San JoaquAn de Soto,99 aA+-os,1/19/2007,"6,405.57",N/A,"Bosque Alpino, Bosque de Pino, Bosque de Pino Encino, Chaparral, Matorral DesA(c)rtico RosetA3filo, Matorral DesA(c)rtico MicrA3filo, Pastizal Inducido",
89,Tierras de Uso ComAon,Nuevo LeA3n,Galeana,Zona de RestauraciA3n EcolA3gica del Lobo Mexicano Corona del Rosal,99 aA+-os,1/19/2007,"6,579.21",N/A,"Bosque Alpino, Bosque de Pino, Bosque de Pino Encino, Bosque MesA3filo, Bosque de GalerAa, Chaparral, Matorral DesA(c)rtico RosetA3filo, Matorral DesA(c)rtico MicrA3filo, Pastizal Inducido",
90,Tierras de Uso ComAon,Nuevo LeA3n,AramBosque de Encinorri,Zona de RestauraciA3n EcolA3gica del Lobo Mexicano El Saucillo,99 aA+-os,1/19/2007,"1,190.75",N/A,"Bosque de Pino Encino, Chaparral, Matorral DesA(c)rtico RosetA3filo, Matorral DesA(c)rtico MicrA3filo, Pastizal Inducido",
91,Parcelas,Guerrero,Tecpan de Galeana,Area de ConservaciA3n EcolA3gica Comunitaria La Confianza 55 Z-2 P-2/2,10 aA+-os,3/2/2007,19.1,N/A,"Bosque MesA3filo de MontaA+-a, Bosque de Pino Encino, Bosque de GalerAa, Bosque de Encino, Selva Mediana Subcaducifolia, Selva Baja Caducifolia",
92,Parcelas,Guerrero,Tecpan de Galeana,Area de ConservaciA3n EcolA3gica Comunitaria La Confianza 63 Z-2 P2/2,10 aA+-os,3/2/2007,10.71,N/A,"Bosque MesA3filo de MontaA+-a, Bosque de Pino Encino, Bosque de GalerAa, Bosque de Encino, Selva Mediana Subcaducifolia, Selva Baja Caducifolia",
93,Parcelas,Guerrero,Tecpan de Galeana,Area de ConservaciA3n EcolA3gica Comunitaria La Confianza 65 Z-2 P-2/2,10 aA+-os,3/2/2007,5,N/A,"Bosque MesA3filo de MontaA+-a, Bosque de Pino Encino, Bosque de GalerAa, Bosque de Encino, Selva Mediana Subcaducifolia, Selva Baja Caducifolia",
94,Parcelas,Guerrero,Tecpan de Galeana,Area de ConservaciA3n EcolA3gica Comunitaria La Confianza 73 Z-2 P-2/2,10 aA+-os,3/2/2007,9.3,N/A,"Bosque MesA3filo de MontaA+-a, Bosque de Pino Encino, Bosque de GalerAa, Bosque de Encino, Selva Mediana Subcaducifolia, Selva Baja Caducifolia",
95,Parcelas,Guerrero,Tecpan de Galeana,Area de ConservaciA3n EcolA3gica Comunitaria La Confianza 79 Z-2 P-2/2,10 aA+-os,3/2/2007,6.57,N/A,"Bosque MesA3filo de MontaA+-a, Bosque de Pino Encino, Bosque de GalerAa, Bosque de Encino, Selva Mediana Subcaducifolia, Selva Baja Caducifolia",
96,Parcelas,Guerrero,Tecpan de Galeana,Area de ConservaciA3n EcolA3gica Comunitaria La Confianza 96 Z-2 P-2/2,10 aA+-os,3/2/2007,10.72,N/A,"Bosque MesA3filo de MontaA+-a, Bosque de Pino Encino, Bosque de GalerAa, Bosque de Encino, Selva Mediana Subcaducifolia, Selva Baja Caducifolia",
97,Parcelas,Guerrero,Tecpan de Galeana,Area de ConservaciA3n EcolA3gica Comunitaria La Confianza 105 Z-2 P-2/2,10 aA+-os,3/2/2007,1.26,N/A,"Bosque MesA3filo de MontaA+-a, Bosque de Pino Encino, Bosque de GalerAa, Bosque de Encino, Selva Mediana Subcaducifolia, Selva Baja Caducifolia",
98,Parcelas,Guerrero,Tecpan de Galeana,Area de ConservaciA3n EcolA3gica Comunitaria La Confianza 113 Z-2 P-2/2,10 aA+-os,3/2/2007,4,N/A,"Bosque MesA3filo de MontaA+-a, Bosque de Pino Encino, Bosque de GalerAa, Bosque de Encino, Selva Mediana Subcaducifolia, Selva Baja Caducifolia",
99,Parcelas,Guerrero,Tecpan de Galeana,Area de ConservaciA3n EcolA3gica Comunitaria La Confianza 122 Z-2 P-2/2,10 aA+-os,3/2/2007,5,N/A,"Bosque MesA3filo de MontaA+-a, Bosque de Pino Encino, Bosque de GalerAa, Bosque de Encino, Selva Mediana Subcaducifolia, Selva Baja Caducifolia",
100,Parcelas,Guerrero,Tecpan de Galeana,Area de ConservaciA3n EcolA3gica Comunitaria La Confianza 52 Z-2 P-2/2,10 aA+-os,3/2/2007,8.05,N/A,"Bosque MesA3filo de MontaA+-a, Bosque de Pino Encino, Bosque de GalerAa, Bosque de Encino, Selva Mediana Subcaducifolia, Selva Baja Caducifolia",
101,Parcelas,Guerrero,Tecpan de Galeana,Area de ConservaciA3n EcolA3gica Comunitaria La Confianza 57 Z-2 P-2/2,10 aA+-os,3/2/2007,1.69,N/A,"Bosque MesA3filo de MontaA+-a, Bosque de Pino Encino, Bosque de GalerAa, Bosque de Encino, Selva Mediana Subcaducifolia, Selva Baja Caducifolia",
102,Parcelas,Guerrero,Tecpan de Galeana,Area de ConservaciA3n EcolA3gica Comunitaria La Confianza 64 Z-2 P-2/2,10 aA+-os,3/2/2007,13.71,N/A,"Bosque MesA3filo de MontaA+-a, Bosque de Pino Encino, Bosque de GalerAa, Bosque de Encino, Selva Mediana Subcaducifolia, Selva Baja Caducifolia",
103,Parcelas,Guerrero,Tecpan de Galeana,Area de ConservaciA3n EcolA3gica Comunitaria La Confianza 67 Z-2 P-2/2,10 aA+-os,3/2/2007,0.306,N/A,"Bosque MesA3filo de MontaA+-a, Bosque de Pino Encino, Bosque de GalerAa, Bosque de Encino, Selva Mediana Subcaducifolia, Selva Baja Caducifolia",
104,Parcelas,Guerrero,Tecpan de Galeana,Area de ConservaciA3n EcolA3gica Comunitaria La Confianza 76 Z-2 P-2/2,10 aA+-os,3/2/2007,9.31,N/A,"Bosque MesA3filo de MontaA+-a, Bosque de Pino Encino, Bosque de GalerAa, Bosque de Encino, Selva Mediana Subcaducifolia, Selva Baja Caducifolia",
105,Parcelas,Guerrero,Tecpan de Galeana,Area de ConservaciA3n EcolA3gica Comunitaria La Confianza 82 Z-2 P-2/2,10 aA+-os,3/2/2007,0.65,N/A,"Bosque MesA3filo de MontaA+-a, Bosque de Pino Encino, Bosque de GalerAa, Bosque de Encino, Selva Mediana Subcaducifolia, Selva Baja Caducifolia",
106,Parcelas,Guerrero,Tecpan de Galeana,Area de ConservaciA3n EcolA3gica Comunitaria La Confianza 101 Z-2 P-2/2,10 aA+-os,3/2/2007,1.63,N/A,"Bosque MesA3filo de MontaA+-a, Bosque de Pino Encino, Bosque de GalerAa, Bosque de Encino, Selva Mediana Subcaducifolia, Selva Baja Caducifolia",
107,Personas FAsicas,Oaxaca,Pluma Hidalgo,Cafetal San Juanito,99 aA+-os,3/26/2007,32,N/A,"Selva Alta Perennifolia, Bosque MesA3filo de MontaA+-a",
108,Tierras de Uso ComAon,Oaxaca,San Felipe Tejalapan,EL Negro-La Yerbabuena-El Capulin y la Huerta,10 aA+-os,3/26/2007,"1,780",Mixtecos,"Bosque de Pino-Encino, Bosque de Pino",
109,Tierras de Uso ComAon,Guerrero,Ajuchitlan del Praderaogreso,Area de ConservaciA3n EcolA3gica Comunitaria Campo Verde,99 aA+-os,3/27/2007,847.16,N/A,"Bosque MesA3filo de MontaA+-a, Bosque de Pino Encino, Bosque de GalerAa, Bosque de Encino, Selva Mediana Subcaducifolia, Selva Baja Caducifolia",
110,Parcelas,Guerrero,Tecpan de Galeana,Area de ConservaciA3n EcolA3gica Comunitaria La Confianza 115 Z-2 P2/2,10 aA+-os,3/27/2007,30.8,N/A,"Bosque MesA3filo de MontaA+-a, Bosque de Pino Encino, Bosque de GalerAa, Bosque de Encino, Selva Mediana Subcaducifolia, Selva Baja Caducifolia",
111,Parcelas,Guerrero,Tecpan de Galeana,Area de ConservaciA3n EcolA3gica Comunitaria La Confianza 128 Z-2 P2/2,10 aA+-os,3/27/2007,2.84,N/A,"Bosque MesA3filo de MontaA+-a, Bosque de Pino Encino, Bosque de GalerAa, Bosque de Encino, Selva Mediana Subcaducifolia, Selva Baja Caducifolia",
112,Parcelas,Guerrero,Tecpan de Galeana,Area de ConservaciA3n EcolA3gica Comunitaria La Confianza 110 Z-2 P2/2,10 aA+-os,3/27/2007,9.26,N/A,"Bosque MesA3filo de MontaA+-a, Bosque de Pino Encino, Bosque de GalerAa, Bosque de Encino, Selva Mediana Subcaducifolia, Selva Baja Caducifolia",
113,Parcelas,Guerrero,Tecpan de Galeana,Area de ConservaciA3n EcolA3gica Comunitaria La Confianza 77 Z-2 P2/2,10 aA+-os,3/27/2007,13.56,N/A,"Bosque MesA3filo de MontaA+-a, Bosque de Pino Encino, Bosque de GalerAa, Bosque de Encino, Selva Mediana Subcaducifolia, Selva Baja Caducifolia",
114,Parcelas,Guerrero,Tecpan de Galeana,Area de ConservaciA3n EcolA3gica Comunitaria La Confianza 75 Z-2 P2/2,10 aA+-os,3/27/2007,5.05,N/A,"Bosque MesA3filo de MontaA+-a, Bosque de Pino Encino, Bosque de GalerAa, Bosque de Encino, Selva Mediana Subcaducifolia, Selva Baja Caducifolia",
115,Parcelas,Guerrero,Tecpan de Galeana,Area de ConservaciA3n EcolA3gica Comunitaria La Confianza 45 Z-2 P2/2,10 aA+-os,3/27/2007,12.99,N/A,"Bosque MesA3filo de MontaA+-a, Bosque de Pino Encino, Bosque de GalerAa, Bosque de Encino, Selva Mediana Subcaducifolia, Selva Baja Caducifolia",
116,Parcelas,Guerrero,Tecpan de Galeana,Area de ConservaciA3n EcolA3gica Comunitaria La Confianza 93 Z-2 P2/2,10 aA+-os,3/27/2007,3.21,N/A,"Bosque MesA3filo de MontaA+-a, Bosque de Pino Encino, Bosque de GalerAa, Bosque de Encino, Selva Mediana Subcaducifolia, Selva Baja Caducifolia",
117,Parcelas,Guerrero,Tecpan de Galeana,Area de ConservaciA3n EcolA3gica Comunitaria La Confianza 66 Z-2 P2/2,10 aA+-os,3/27/2007,29.4,N/A,"Bosque MesA3filo de MontaA+-a, Bosque de Pino Encino, Bosque de GalerAa, Bosque de Encino, Selva Mediana Subcaducifolia, Selva Baja Caducifolia",
118,Parcelas,Guerrero,Tecpan de Galeana,Area de ConservaciA3n EcolA3gica Comunitaria La Confianza 102 Z-2 P2/2,10 aA+-os,3/27/2007,1.49,N/A,"Bosque MesA3filo de MontaA+-a, Bosque de Pino Encino, Bosque de GalerAa, Bosque de Encino, Selva Mediana Subcaducifolia, Selva Baja Caducifolia",
119,Personas FAsicas,Coahuila,Ocampo,Sierra San Vicente,50 aA+-os,3/30/2007,"14,932.18",N/A,"Matorral XerA3filo MicrA3filo, Matorral XerA3filo HalA3fito, Matorral XerA3filo GipsA3filo, Matorral XerA3filo RosetA3filo, Matorral XerA3filo Crasicaule, Pradera",
120,Parcelas,Guerrero,Tecpan de Galeana,Area de ConservaciA3n EcolA3gica Comunitaria La Confianza 86 Z-2 P2/2,10 aA+-os,4/9/2007,3.31,N/A,"Bosque MesA3filo de MontaA+-a, Bosque de Pino Encino, Bosque de GalerAa, Bosque de Encino, Selva Mediana Subcaducifolia, Selva Baja Caducifolia",
121,Parcelas,Guerrero,Tecpan de Galeana,Area de ConservaciA3n EcolA3gica Comunitaria La Confianza 98 Z-2 P2/2,10 aA+-os,4/9/2007,1.61,N/A,"Bosque MesA3filo de MontaA+-a, Bosque de Pino Encino, Bosque de GalerAa, Bosque de Encino, Selva Mediana Subcaducifolia, Selva Baja Caducifolia",
122,Parcelas,Guerrero,Tecpan de Galeana,Area de ConservaciA3n EcolA3gica Comunitaria La Confianza 107 Z-2 P2/2,10 aA+-os,4/9/2007,3.21,N/A,"Bosque MesA3filo de MontaA+-a, Bosque de Pino Encino, Bosque de GalerAa, Bosque de Encino, Selva Mediana Subcaducifolia, Selva Baja Caducifolia",
123,Parcelas,Guerrero,Tecpan de Galeana,Area de ConservaciA3n EcolA3gica Comunitaria La Confianza 99 Z-2 P2/2,10 aA+-os,4/12/2007,3.16,N/A,"Bosque MesA3filo de MontaA+-a, Bosque de Pino Encino, Bosque de GalerAa, Bosque de Encino, Selva Mediana Subcaducifolia, Selva Baja Caducifolia",
124,Parcelas,Guerrero,Tecpan de Galeana,Area de ConservaciA3n EcolA3gica Comunitaria La Confianza 80 Z-2 P2/2,10 aA+-os,4/12/2007,1.93,N/A,"Bosque MesA3filo de MontaA+-a, Bosque de Pino Encino, Bosque de GalerAa, Bosque de Encino, Selva Mediana Subcaducifolia, Selva Baja Caducifolia",
125,Parcelas,Guerrero,Tecpan de Galeana,Area de ConservaciA3n EcolA3gica Comunitaria La Confianza 90 Z-2 P2/2,10 aA+-os,4/12/2007,6.57,N/A,"Bosque MesA3filo de MontaA+-a, Bosque de Pino Encino, Bosque de GalerAa, Bosque de Encino, Selva Mediana Subcaducifolia, Selva Baja Caducifolia",
126,Parcelas,Guerrero,Tecpan de Galeana,Area de ConservaciA3n EcolA3gica Comunitaria La Confianza 108 Z-2 P2/2,10 aA+-os,4/12/2007,5.58,N/A,"Bosque MesA3filo de MontaA+-a, Bosque de Pino Encino, Bosque de GalerAa, Bosque de Encino, Selva Mediana Subcaducifolia, Selva Baja Caducifolia",
127,Parcelas,Guerrero,Tecpan de Galeana,Area de ConservaciA3n EcolA3gica Comunitaria La Confianza 62 Z-2 P2/2,10 aA+-os,4/12/2007,5,N/A,"Bosque MesA3filo de MontaA+-a, Bosque de Pino Encino, Bosque de GalerAa, Bosque de Encino, Selva Mediana Subcaducifolia, Selva Baja Caducifolia",
128,Parcelas,Guerrero,Tecpan de Galeana,Area de ConservaciA3n EcolA3gica Comunitaria La Confianza 89 Z-2 P2/2,10 aA+-os,4/12/2007,4.46,N/A,"Bosque MesA3filo de MontaA+-a, Bosque de Pino Encino, Bosque de GalerAa, Bosque de Encino, Selva Mediana Subcaducifolia, Selva Baja Caducifolia",
129,Parcelas,Guerrero,Tecpan de Galeana,Area de ConservaciA3n EcolA3gica Comunitaria La Confianza 88 Z-2 P2/2,10 aA+-os,4/12/2007,1.81,N/A,"Bosque MesA3filo de MontaA+-a, Bosque de Pino Encino, Bosque de GalerAa, Bosque de Encino, Selva Mediana Subcaducifolia, Selva Baja Caducifolia",
130,Parcelas,Guerrero,Tecpan de Galeana,Area de ConservaciA3n EcolA3gica Comunitaria La Confianza 70 Z-2 P2/2,10 aA+-os,4/12/2007,6.4,N/A,"Bosque MesA3filo de MontaA+-a, Bosque de Pino Encino, Bosque de GalerAa, Bosque de Encino, Selva Mediana Subcaducifolia, Selva Baja Caducifolia",
131,Parcelas,Guerrero,Tecpan de Galeana,Area de ConservaciA3n EcolA3gica Comunitaria La Confianza 51 Z-2 P2/2,10 aA+-os,4/12/2007,41.73,N/A,"Bosque MesA3filo de MontaA+-a, Bosque de Pino Encino, Bosque de GalerAa, Bosque de Encino, Selva Mediana Subcaducifolia, Selva Baja Caducifolia",
132,Parcelas,Guerrero,Tecpan de Galeana,Area de ConservaciA3n EcolA3gica Comunitaria La Confianza 47 Z-2 P2/2,10 aA+-os,4/12/2007,11.96,N/A,"Bosque MesA3filo de MontaA+-a, Bosque de Pino Encino, Bosque de GalerAa, Bosque de Encino, Selva Mediana Subcaducifolia, Selva Baja Caducifolia",
133,Parcelas,Guerrero,Tecpan de Galeana,Area de ConservaciA3n EcolA3gica Comunitaria La Confianza 50 Z-2 P2/2,10 aA+-os,4/12/2007,2.66,N/A,"Bosque MesA3filo de MontaA+-a, Bosque de Pino Encino, Bosque de GalerAa, Bosque de Encino, Selva Mediana Subcaducifolia, Selva Baja Caducifolia",
134,Tierras de Uso ComAon,Oaxaca,Acatlan de Perez Figueroa,Area Comunitaria de ConservaciA3n Buenos Aires,99 aA+-os,4/12/2007,218,Mazatecas,"Selva Alta Perennifolia, Selva Mediana Subperennifolia",
135,Comunidades,Guerrero,Illiatenco Montes de Oca,Area de ConservaciA3n EcolA3gica de Iliatenco,10 aA+-os,8/16/2007,"6,537.62",Tlapanecas,"Bosque de Pino-Encino, Bosque MesA3filo, Selva Mediana Subcaducifolia",
136,Tierras de Uso ComAon,Guerrero,Alpoyeca,Area de ConservaciA3n de Ixcateopan,10 aA+-os,8/20/2007,"1,001",(Tlapaneco) Nahuatl,"Selva Baja Caducifolia, Sabana de Encino, Bosque en galerAa",
137,Personas FAsicas,Oaxaca,San Juan Guichicovi,El Guarumbo,10 aA+-os,8/20/2007,48.87,N/A,"Selva Alta Perennifolia, Selva Mediana Subperennifolia",
138,Comunidades,Guerrero,Alpoyeca,Area de ConservaciA3n EcolA3gica de Alpoyeca,10 aA+-os,8/20/2007,279.5,Nahuatl,"Selva Baja Caducifolia, Sabana de Encino",
139,Tierras de Uso ComAon,Oaxaca,Barrio de La Soledad,El Bosque de Encinojucal y la Chichihua,10 aA+-os,8/20/2007,"2,007.79",N/A,"Selva Alta Perennifolia, Selva Mediana Subperennifolia, Sabana, Selva Baja Caducifolia",
140,Parcelas,Oaxaca,San Juan MazatlA!n,Parcela 30 Z-1 P1/1 (Estos son de Nuevo Praderaogreso),10 aA+-os,8/20/2007,6.81,N/A,"Selva Alta Perennifolia, Selva Mediana Subperennifolia",
141,Parcelas,Oaxaca,San Juan MazatlA!n,Parcela 12 Z-1 P1/1 (Estos son de Nuevo Praderaogreso),10 aA+-os,8/20/2007,26.35,N/A,"Selva Alta Perennifolia, Selva Mediana Subperennifolia",
142,Parcelas,Oaxaca,San Juan MazatlA!n,Parcela 51 Z-1 P1/1 (Estos son de Nuevo Praderaogreso),10 aA+-os,8/20/2007,15.98,N/A,"Selva Alta Perennifolia, Selva Mediana Subperennifolia",
143,Parcelas,Oaxaca,San Juan MazatlA!n,Parcela 5 Z-1 P1/1 (Estos son de Nuevo Praderaogreso),10 aA+-os,8/20/2007,30.1,N/A,"Selva Alta Perennifolia, Selva Mediana Subperennifolia",
144,Parcelas,Oaxaca,San Juan MazatlA!n,Parcela 21 Z-1 P1/1 (Estos son de Nuevo Praderaogreso),10 aA+-os,8/20/2007,58.97,N/A,"Selva Alta Perennifolia, Selva Mediana Subperennifolia",
145,Parcelas,Oaxaca,San Juan MazatlA!n,Parcela 46 Z-1 P1/1 (Estos son de Nuevo Praderaogreso),10 aA+-os,8/20/2007,19.33,N/A,"Selva Alta Perennifolia, Selva Mediana Subperennifolia",
146,Tierras de Uso ComAon,Guerrero,Illiatenco Montes de Oca,Area de ConservaciA3n EcolA3gica de Iliatenco de Montes de Oca,10 aA+-os,8/20/2007,"3,250.18",N/A,"Bosque de Pino-Encino, Bosque MesA3filo, Selva Mediana Subcaducifolia, Selva Baja Caducifolia",
147,Personas FAsicas,Quintana Roo,Lazaro Cardenas,Reserva EcolA3gica El EdA(c)n,25 aA+-os,8/20/2007,"1,540.95",N/A,"Selva Mediana, Selva Baja Inundable, Palmares tintales, Humedales con Sabana, VegetaciA3n secundaria",
148,Tierras de Uso ComAon,Oaxaca,San Miguel Soyaltepec,Paraje El Frijolillo,25 aA+-os,10/15/2007,700,Chinanteca,"Selva Alta Perennifolia, Selva Mediana Subperennifolia, Pantano, VegetaciA3n acuA!tica",
149,Personas FAsicas,Chiapas,Tuxtla Gutierrez,Reserva Montecielo,10 aA+-os,10/17/2007,203.97,N/A,"Selva Mediana Subperennifolia, Bosque de Encino",
150,Tierras de Uso ComAon,Oaxaca,Ayoncintepec,Area de ConservaciA3n de la RiBosque de Encinora del Cajonos del Ejido Plan Juan MartAnez,99 aA+-os,12/11/2007,259.5,Chinanteca,"Selva Alta Perennifolia, Selva Mediana Subperennifolia",
151,Tierras de Uso ComAon,Nuevo LeA3n,Galeana,Zona de RestauraciA3n EcolA3gica del Lobo Mexicano la Praderaovidencia,99 aA+-os,1/30/2008,"1,399",,"Bosque de Pino-Encino, Matorral XerA3filo",
152,Comunidades,Oaxaca,San Juan Lajarcia,El Convento-CerroVerde-Las Minas,10 aA+-os,3/13/2008,"3,080",Zapotecas,"Selva Baja Caducifolia, Selva Mediana Caducifolia, Selva Baja Espinosa",
153,Comunidades,Oaxaca,San Juan Cotzocon,Chocatz,10 aA+-os,5/8/2008,"2,577.62",Mixes,"Selva Alta Perennifolia, Selva Mediana Subperennifolia, GalerAa Riparia, Bosque MesA3filo de MontaA+-a, Bosque de Pino-Encino",
154,Personas FAsicas,Nayarit,Santiago Izcuintla,La Papalota 1,99 aA+-os,6/5/2008,175.22,N/A,"Matorral Espinoso, Manglar, VegetaciA3n Costera HalA3fita, VegetaciA3n AcuA!tica",
155,Personas FAsicas,Nayarit,Santiago Izcuintla,La Papalota 2,99 aA+-os,6/5/2008,193.61,N/A,"Matorral Espinoso, Manglar, VegetaciA3n Costera HalA3fita, VegetaciA3n AcuA!tica",
156,Sociedades,Quintana Roo,Bosque de Encinonito Juarez,Zona de ConservaciA3n de Puerta del Mar,15 aA+-os,8/11/2008,2.3,N/A,"Manglar, VegetaciA3n AcuA!tica",
157,Comunidades,Guerrero,Malinaltepec,Area de ConservaciA3n EcolA3gica Paraje Montero,30 aA+-os,11/20/2008,667.85,Me'Phaa,"Bosque de Pino-Encino, Bosque MesA3filo en caA+-adas, Selva Mediana Subcaducifolia",
158,Comunidades,Guerrero,Malinaltepec,Area de ConservaciA3n EcolA3gica Malinaltepec,15 aA+-os,11/20/2008,253.17,Me'Phaa (Mixteco),"Bosque de Pino-Encino, Bosque MesA3filo en caA+-adas, Selva Mediana Subcaducifolia",
159,Comunidades,Guerrero,San Luis AcatlA!n,Area de ConservaciA3n EcolA3gica San JosA(c) Vista Hermosa,30 aA+-os,11/20/2008,459.51,Me'Phaa,"Bosque de Pino-Encino, Bosque MesA3filo, Bosque de GalerAa, Selva Mediana Subcaducifolia",
160,Personas FAsicas,Chiapas,Ciudad Hidalgo,El Silencio,15 aA+-os,11/26/2008,140,N/A,"Selva Baja Caducifolia, Manglar de agua dulce, Palmar, Tular, VegetaciA3n AcuA!tica",
161,Comunidades,Guerrero,Taxco de AlarcA3n,Cerro De Los Manantiales,15 aA+-os,12/4/2008,"3,903.43",Nahuatl,"Bosque de Pino-Encino, Bosque de Encino, Bosque de TA!scate, Bosque MesA3filo, Selva Baja Caducifolia",
162,Sociedades,Coahuila,AcuA+-a,Tierra Silvestre CaA+-A3n del Diablo,15 aA+-os,2/3/2009,"22,400",N/A,"Matorral DesA(c)rtico RosetA3filo, Bosque de Pino, Bosque de Pino Encino, Chaparral, Matorral DesA(c)rtico MicrA3filo, Pastizal Inducido",
163,Tierras de Uso ComAon,Oaxaca,Santa MarAa Jacatepec,Area de ConservaciA3n del FaisA!n Real del Ejido Rancho FaisA!n,15 aA+-os,4/2/2009,"4,208.69",Chinantecas,"Selva Alta Perennifolia, Selva Mediana Subperennifolia, GalerAa Riparia, Ecosistema CavernAcola, Ecosistema AcuA!tico",
164,Tierras de Uso ComAon,Oaxaca,San JosA(c) Chiltepec,Area de ConservaciA3n de la Cicada y la Pata de Elefante del Ejido Leyes de Reforma,15 aA+-os,4/2/2009,"2,992.11",Chinantecas,"Selva Alta Perennifolia, Selva Mediana Subperennifolia, GalerAa Riparia, Ecosistema CavernAcola, Ecosistema AcuA!tico",
165,Tierras de Uso ComAon,Oaxaca,Santa MarAa Jacatepec,Area de ConservaciA3n del Mazate del Ejido Cerro Concha,15 aA+-os,4/2/2009,"1,790.54",Chinantecas,"Selva Alta Perennifolia, Selva Mediana Subperennifolia, GalerAa Riparia, Ecosistema cavernAcola, Ecosistema AcuA!tico",
166,Tierras de Uso ComAon,Oaxaca,Santa MarAa Jacatepec,Area de ConservaciA3n de la Cycada del Ejido Emiliano Zapata,15 aA+-os,4/2/2009,713.71,Chinantecas,"Selva Alta Perennifolia, Selva Mediana Subperennifolia, GalerAa Riparia, Ecosistema cavernAcola, Ecosistema acuA!tico",
167,Tierras de Uso ComAon,Oaxaca,Santa MarAa Chimalapas,Zona de Uso ComAon I y Zona VIII,30 aA+-os,4/2/2009,"1,264.87",Zoques,"Selva Alta Perennifolia, Selva Mediana Subperennifolia",
168,Comunidades,Guerrero,Malinaltepec,Area de ConservaciA3n EcolA3gica de San Miguel del Praderaogreso,30 aA+-os,4/14/2009,277,Me'phaa,"Bosque de Pino-Encino, Bosque MesA3filo de MontaA+-a",
169,Comunidades,Guerrero,Malinaltepec,Area de ConservaciA3n EcolA3gica de Colombia de Guadalupe,30 aA+-os,4/14/2009,631.19,Me'phaa,"Bosque de Pino-Encino, Bosque MesA3filo en caA+-adas, Selva Mediana Subcaducifolia",
170,Comunidades,Guerrero,Atlixtac,Area de ConservaciA3n EcolA3gica de San Lucas Teocuitlapa,30 aA+-os,4/14/2009,"1,024",Me'phaa,"Bosque de Encino, Bosque de Pino-Encino, Bosque Alpino",
171,Comunidades,Guerrero,Alpoyeca,Area de ConservaciA3n EcolA3gica de Tecoyo,30 aA+-os,4/14/2009,"1,025.71",Me'Phaa (Nahuatl),"Selva Baja Caducifolia, Bosque de Encino, Bosque de GalerAa",
172,Comunidades,Guerrero,Atlamajalcingo del Monte,Area de ConservaciA3n EcolA3gica de Huehuetepec,30 aA+-os,4/30/2009,978.55,Me'Phaa (Mixtecos),"Bosque de Encino, Bosque de Pino-Encino",
173,Tierras de Uso ComAon,Chiapas,Maravilla Tenejapa,Area de ConservaciA3n La Caverna,15 aA+-os,7/21/2009,"1,414.86",Tzotzil,Selva Alta Perennifolia,
174,Tierras de Uso ComAon,Chiapas,Las Margaritas,La SerranAa,15 aA+-os,9/7/2009,439.31,Tzotzil,Selva Alta Perennifolia,
175,Municipal,Puebla,Hueyapan,Ozuma y Cuahuloma,15 aA+-os,10/2/2009,804.17,N/A,"Bosque MesA3filo de MontaA+-a, Bosque de Pino-Encino",
176,Tierras de Uso ComAon,Oaxaca,San Juan Bautista Valle Nacional,Area de ConservaciA3n Cerro Mirador,20 aA+-os,1/21/2010,"2,500",Chinanteco,"Bosque MesA3filo, Selva Alta Perennifolia, Selva Mediana Subperennifolia, GalerAa Riparia, Ecosistema CavernAcola, Ecosistema AcuA!tico",
177,Asociaciones,Guerrero,Iguala de la Independencia,Parque EcolA3gico de Iguala,99 aA+-os,1/21/2010,51.36,N/A,Selva Baja Caducifolia,
178,Tierras de Uso ComAon,Oaxaca,San Juan Bautista Valle Nacional,Area de ConservaciA3n Montenegro,15 aA+-os,2/10/2010,800,Chinanteco,"Selva Alta Perennifolia, Selva Mediana Subperennifolia, GalerAa Riparia y Bosque MesA3filo de MontaA+-a",
179,Tierras de Uso ComAon,Oaxaca,San Juan Bautista Valle Nacional,Area de ConservaciA3n Paso Nuevo La Hamaca,20 aA+-os,2/16/2010,600,Chinanteco,"Selva Alta Perennifolia, Selva Mediana Subperennifolia, Ecosistema CavernAcola",
180,Parcelas,Oaxaca,San Juan Guichicovi,32 Z-1 P 1/1,15 aA+-os,3/23/2010,7.63,Mixe,"Selva Alta Perennifolia, Selva Mediana Subperennifolia",
181,Parcelas,Oaxaca,San Juan Guichicovi,79 Z-1 P 1/1,15 aA+-os,3/23/2010,6,Mixe,"Selva Alta Perennifolia, Selva Mediana Subperennifolia",
182,Parcelas,Oaxaca,San Juan Guichicovi,45 Z-1 P 1/1,15 aA+-os,3/23/2010,11,Mixe,"Selva Alta Perennifolia, Selva Mediana Subperennifolia",
183,Parcelas,Oaxaca,San Juan Guichicovi,53 Z-1 P 1/1,15 aA+-os,3/23/2010,5.38,Mixe,"Selva Alta Perennifolia, Selva Mediana Subperennifolia",
184,Parcelas,Oaxaca,San Juan Guichicovi,49 Z-1 P 1/1,15 aA+-os,3/23/2010,4.98,Mixe,"Selva Alta Perennifolia, Selva Mediana Subperennifolia",
185,Parcelas,Oaxaca,San Juan Guichicovi,68 Z-1 P 1/1,15 aA+-os,3/23/2010,4.54,Mixe,"Selva Alta Perennifolia, Selva Mediana Subperennifolia",
186,Parcelas,Oaxaca,San Juan Guichicovi,10 Z-1 P 1/1,15 aA+-os,3/23/2010,13.57,Mixe,"Selva Alta Perennifolia, Selva Mediana Subperennifolia",
187,Parcelas,Oaxaca,San Juan Guichicovi,13 Z-1 P 1/1,15 aA+-os,3/23/2010,8.66,Mixe,"Selva Alta Perennifolia, Selva Mediana Subperennifolia",
188,Parcelas,Oaxaca,San Juan Guichicovi,28 Z-1 P 1/1,15 aA+-os,3/23/2010,4.51,Mixe,"Selva Alta Perennifolia, Selva Mediana Subperennifolia",
189,Parcelas,Oaxaca,San Juan Guichicovi,73 Z-1 P 1/1,15 aA+-os,3/23/2010,3,Mixe,"Selva Alta Perennifolia, Selva Mediana Subperennifolia",
190,Parcelas,Oaxaca,San Juan Guichicovi,62 Z-1 P 1/1,15 aA+-os,3/23/2010,8.2,Mixe,"Selva Alta Perennifolia, Selva Mediana Subperennifolia",
191,Parcelas,Oaxaca,San Juan Guichicovi,55 Z-1 P 1/1,15 aA+-os,3/23/2010,7.39,Mixe,"Selva Alta Perennifolia, Selva Mediana Subperennifolia",
192,Parcelas,Oaxaca,San Juan Guichicovi,23 Z-1 P 1/1,15 aA+-os,3/23/2010,10.61,Mixe,"Selva Alta Perennifolia, Selva Mediana Subperennifolia",
193,Parcelas,Oaxaca,San Juan Guichicovi,24 Z-1 P 1/1,15 aA+-os,3/23/2010,4.06,Mixe,"Selva Alta Perennifolia, Selva Mediana Subperennifolia",
194,Parcelas,Oaxaca,San Juan Guichicovi,64 Z-1 P 1/1,15 aA+-os,3/23/2010,7.72,Mixe,"Selva Alta Perennifolia, Selva Mediana Subperennifolia",
195,Parcelas,Oaxaca,San Juan Guichicovi,58 Z-1 P 1/1,15 aA+-os,3/23/2010,6.06,Mixe,"Selva Alta Perennifolia, Selva Mediana Subperennifolia",
196,Parcelas,Oaxaca,San Juan Guichicovi,61 Z-1 P 1/1,15 aA+-os,3/23/2010,11.21,Mixe,"Selva Alta Perennifolia, Selva Mediana Subperennifolia",
197,Parcelas,Oaxaca,San Juan Guichicovi,1 Z-1 P 1/1,15 aA+-os,3/23/2010,6.86,Mixe,"Selva Alta Perennifolia, Selva Mediana Subperennifolia",
198,Parcelas,Oaxaca,San Juan Guichicovi,7 Z-1 P 1/1,15 aA+-os,3/23/2010,9.53,Mixe,"Selva Alta Perennifolia, Selva Mediana Subperennifolia",
199,Comunidades,Oaxaca,San Juan Bautista Valle Nacional,Area de ConservaciA3n Nopalera del Rosario,25 aA+-os,3/18/2010,"4,200",Chinantecos,"GalerAa Riparia, Bosque MesA3filo de MontaA+-a, Bosque de Pino-Encino, Bosque Alpino",
200,Personas FAsicas,Oaxaca,San Juan MazatlA!n,Rancho Emanuel,99 aA+-os,3/30/2010,12.12,Mixe,"Selva Alta Perennifolia, Selva Mediana Subperennifolia",
201,Tierras de Uso ComAon,Chiapas,Maravilla Tenejapa,Cerro El Mirador,15 aA+-os,5/10/2010,237,"Tojolabal, Tzotzil y Tzeltal",Selva Alta Perennifolia,
202,Tierras de Uso ComAon,Chiapas,MarquA(c)s de Comillas,Reserva Las Guacamayas,99 aA+-os,5/12/2010,"1,454.13",Chinanteca,Selva Alta Perennifolia,
203,Comunidades,Oaxaca,San Miguel Chimalapa,El CordA3n del RetA(c)n,30 aA+-os,5/13/2010,"15,328.54",Zoques,"Selva Baja Caducifolia, Selva Mediana Subcaducifolia, Selva Mediana Subperennifolia, Sabana de Pino-Encino, Bosque de Pino-Encino, Bosque MesA3filo, Bosque de Pino",
204,Parcelas,Oaxaca,San Juan Guichicovi,424 Z-4 P 1/1,15 aA+-os,7/2/2010,16,Mixteco,Selva Alta Perennifolia,
205,Tierras de Uso ComAon,Oaxaca,San AndrA(c)s Ixtlahuaca,La Capitana,25 aA+-os,8/20/2010,958.44,Mixteco,"Bosque de Pino-Encino, Bosque de Pino, Selva Baja Caducifolia",
206,Tierras de Uso ComAon,Oaxaca,San Juan Bautista Valle Nacional,Area de ConservaciA3n San Felipe de LeA3n,15 aA+-os,9/28/2010,"3,500",Pendiente,"Selva Alta Perennifolia, Selva Mediana Subperennifolia, GalerAa Riparia, Bosque MesA3filo de MontaA+-a, Bosque de Pino-Encino",
207,Parcelas,Oaxaca,AsunciA3n Ixtaltepec,70 Z-1 P 1/1,15 aA+-os,10/4/2010,36.07,Pendiente,Selva Mediana Subcaducifolia,
208,Tierras de Uso ComAon,Oaxaca,San Juan Guichicovi,"Zonas de Uso ComAon I,II,III y IV",30 aA+-os,10/4/2010,"1,402.16",Pendiente,"Selva Alta Perennifolia, Selva Mediana Subperennifolia, GalerAa Riparia",
209,Parcelas,Oaxaca,Santa MarAa Chimalapas,Parcela 128 Z-1 P 1/2,15 aA+-os,10/5/2010,17.12,Pendiente,"Selva Alta Perennifolia, Selva Mediana Subperennifolia",
210,Parcelas,Oaxaca,Santa MarAa Chimalapas,Parcela 129 Z-1 P 1/2,15 aA+-os,10/5/2010,62.09,Pendiente,"Selva Alta Perennifolia, Selva Mediana Subperennifolia",
211,Parcelas,Oaxaca,San Juan Guichicovi,38 Z-1 P 1/1,15 aA+-os,10/5/2010,15.63,Pendiente,"Selva Alta Perennifolia, Selva Mediana Subperennifolia",
212,Parcelas,Oaxaca,San Juan Guichicovi,30 Z-1 P 1/1,15 aA+-os,10/5/2010,5.9,Pendiente,"Selva Alta Perennifolia, Selva Mediana Subperennifolia",
213,Parcelas,Oaxaca,San Juan Guichicovi,5 Z-1 P 1/1,15 aA+-os,10/5/2010,17.85,Pendiente,"Selva Alta Perennifolia, Selva Mediana Subperennifolia",
214,Parcelas,Oaxaca,San Juan Guichicovi,37 Z-1 P 1/1,15 aA+-os,10/5/2010,6.83,Pendiente,"Selva Alta Perennifolia, Selva Mediana Subperennifolia",
215,Parcelas,Oaxaca,San Juan Guichicovi,26 Z-1 P 1/1,15 aA+-os,10/5/2010,9.37,Pendiente,"Selva Alta Perennifolia, Selva Mediana Subperennifolia",
216,Parcelas,Oaxaca,San Juan Guichicovi,22 Z-1 P 1/1,15 aA+-os,10/5/2010,7.52,Pendiente,"Selva Alta Perennifolia, Selva Mediana Subperennifolia",
217,Personas FAsicas,Oaxaca,San Miguel del Puerto,Finca Monte Carlo,50 aA+-os,10/12/2010,161.28,N/A,"Selva Alta Perennifolia, Bosque MesA3filo de MontaA+-a, Bosque de Pino-Encino",
218,Tierras de Uso ComAon,Quintana Roo,Felipe Carrillo Puerto,Much Kanan K'aax,25 aA+-os,11/15/2010,"1,230",Maya-Yucateco,"Selva Mediana Subcaduciifolia y subperennifolia, Selva Alta Perennifolia, Cuerpos lagunares y aguadas",
219,Personas FAsicas,Veracruz,Coatepec,Selva Nueva y El Jaguar,20 aA+-os,11/5/2010,5.88,N/A,Bosque MesA3filo de MontaA+-a,
220,Personas FAsicas,Quintana Roo,OthA3n P. Blanco,Huub'Sak,99 aA+-os,11/18/2010,50,N/A,"Selva Mediana/Alta Subperennifolia, Manglar",
221,Personas FAsicas,Tlaxcala,Tlaxco,Area Natural Praderaotegida del Bicentenario El PilA3n,15 aA+-os,11/22/2010,237.6,N/A,"Bosque Alpino de Abies, Bosque de Pino Encino.",
222,Personas FAsicas,Tlaxcala,Tlaxco,"Area Natural Praderaotegida del Bicentenario FracciA3n Exhacienda Tlacotla, Lote Seis",15 aA+-os,11/22/2010,40.37,N/A,"Bosque Alpino de Abies, Bosque de Pino Encino.",
223,Personas FAsicas,Tlaxcala,Tlaxco,Area Natural Praderaotegida del Bicentenario FracciA3n Uno de San JosA(c) El Manantial,15 aA+-os,11/22/2010,41.94,N/A,"Bosque Alpino de Abies, Bosque de Pino Encino.",
224,Personas FAsicas,Tlaxcala,Nanacamilpa de Mariano Arista,Area Natural Praderaotegida del Bicentenario Santa Clara El Corte,15 aA+-os,11/22/2010,30,N/A,"Bosque Alpino de Abies, Bosque de Pino Encino.",
225,Personas FAsicas,Tlaxcala,Nanacamilpa de Mariano Arista,Area Natural Praderaotegida del Bicentenario Santa Clara El Corte,15 aA+-os,11/22/2010,32.17,N/A,"Bosque Alpino de Abies, Bosque de Pino Encino.",
226,Personas FAsicas,Tlaxcala,Tlaxco,Area Natural Praderaotegida del Bicentenario FracciA3n Dos San Isidro Rancho Nuevo,15 aA+-os,11/23/2010,137.8,N/A,"Bosque Alpino de Abies, Bosque de Pino Encino.",
227,Personas FAsicas,Tlaxcala,Nanacamilpa de Mariano Arista,Area Natural Praderaotegida del Bicentenario Santa Clara El Corte,15 aA+-os,11/23/2010,30,N/A,"Bosque Alpino de Abies, Bosque de Pino Encino.",
228,Personas FAsicas,Tlaxcala,Tlaxco,"Area Natural Praderaotegida del Bicentenario FracciA3n Uno de la Exhacienda de Tlacotla, Rancho El Pardo",15 aA+-os,11/23/2010,98.38,N/A,"Bosque Alpino de Abies, Bosque de Pino Encino.",
229,Personas FAsicas,Tlaxcala,Altzayanca,"Area Natural Praderaotegida del Bicentenario Conjunto Praderaedial El Tecajete, Las Aguilas y Santo Tomas",15 aA+-os,11/23/2010,460,N/A,"Bosque de Pino Encino (relictos), Matorral XerA3filo de Altura",
230,Comunidades,Oaxaca,San Felipe Usila,Area de ConservaciA3n San Antonio Analco,15 aA+-os,12/2/2010,"2,050",Chinanteco,"Bosque de Pino-Encino, Selva Alta Perennifolia, Selva Mediana Subperennifolia, GalerAa Riparia, Bosque MesA3filo de MontaA+-a",
231,Tierras de Uso ComAon,Guerrero,Alpoyeca,Area de ConservaciA3n EcolA3gica de San JosA(c) Buenavista,50 aA+-os,2/9/2011,358.54,Mixteco y Nahuatl,Bosque de Encino y Selva Baja Caducifolia,
232,Sociedades,Tamaulipas,Aldama,Reserva Bio Ventura,15 aA+-os,3/7/2011,207.85,Ninguna,"Selva Espinosa, Selva Baja Caducifolia, Ecosistema CavernAcola, Ecosistema AcuA!tico",
233,Personas FAsicas,Sonora,Amuris,Rancho El Aribabi FracciA3n A,15 aA+-os,3/7/2011,"3,951",N/A,"Matorral XerA3filo de Mezquite/Sahuaro/Nopal, Pastizal con Yuca, GalerAas de Sauce/Platanus, Sabana de Pino/Encino/JunApero, Bosque de Encino, Bosque de Pino-Encino, VegetaciA3n AcuA!tica",
234,Empresas de ParticipaciA3n Estatal,Veracruz,IxhuatlA!n del Sureste,Parque EcolA3gico Tuzandepetl,50 aA+-os,3/7/2011,"1,104",Ninguna,"Selva Alta/Mediana Perennifolia inundable, Palmar, Manglar de agua dulce, Tular-Popal, VegetaciA3n acuA!tica, Acahual.",
235,Personas FAsicas,Oaxaca,San Juan Guichicovi,PequeA+-a Praderaopiedad del Sr. Epifanio Francisco Pacheco,15 aA+-os,4/26/2011,5.7,Mixe,"Selva Alta Perennifolia, Selva Mediana Subperennifolia",
236,Parcelas,Oaxaca,San Juan Guichicovi,34 Z-1 P1/1,15 aA+-os,4/26/2011,5.92,Mixe,"Selva Alta Perennifolia, Selva Mediana Subperennifolia",
237,Parcelas,Oaxaca,San Juan Guichicovi,44 Z-1 P1/1,15 aA+-os,4/26/2011,4.85,Mixe,"Selva Alta Perennifolia, Selva Mediana Subperennifolia",
238,Comunidades,Guerrero,Alcozauca,Area de ConservaciA3n EcolA3gica San Vicente Zoyatlan,30 aA+-os,5/3/2011,"3,913.18",Mixteca,"Bosque de Encino, Bosque de Pino-Encino, Bosque MesA3filo en GalerAa",
239,Comunidades,Guerrero,Malinaltepec,Area de ConservaciA3n EcolA3gica de Santa Cruz del RincA3n,30 aA+-os,5/30/2011,"2,379.86",Me'phaa (Tlapaneco),"Bosque de Pino-Encino, Bosque MesA3filo, Relictos Selva Mediana Subcaducifolia",
240,Comunidades,Guerrero,San Luis AcatlA!n,Area de ConservaciA3n EcolA3gica de Pueblo Hidalgo,30 aA+-os,5/30/2011,"7,907.64",Me'phaa (Tlapaneco),"Bosque de Pino-Encino, Bosque MesA3filo, Selva Mediana Subcaducifolia, Selva Baja Caducifolia",
241,Comunidades,Guerrero,Acatepec,Area de ConservaciA3n EcolA3gica de Acatepec,30 aA+-os,5/30/2011,"12,655.71",Me'phaa (Tlapaneco),"Bosque de Pino-Encino, Bosque MesA3filo, Selva Mediana Subcaducifolia, Selva Baja Caducifolia",
242,Tierras de Uso ComAon,Guerrero,Metlatonoc,Area de ConservaciA3n EcolA3gica de Zitlaltepec,30 aA+-os,5/30/2011,"2,648.89",Me'phaa (Tlapaneco),"Bosque de Encino, Bosque de Pino-Encino",
243,Personas FAsicas,YucatA!n,TemozA3n,Centro de EducaciA3n Ambiental Finca San Luis,15 aA+-os,5/30/2011,14.05,N/A,Selva Mediana Subcaducifolia,
244,Comunidades,Guerrero,Tlacoapa,Area de ConservaciA3n EcolA3gica de Totomixtlahuaca,30 aA+-os,7/6/2011,"4,160.87",Me'phaa (Tlapaneco),"Bosque de Pino-Encino, Bosque MesA3filo, Selva Mediana Subcaducifolia, Selva Baja Caducifolia",
245,Sociedades,Guanajuato,San Miguel de Allende,Santuario CaA+-ada de la Virgen,99 aA+-os,7/13/2011,"5,001",Ninguna,"Matorral DesA(c)rtico Crasicaule, Pradera, Chaparral de Encino, Selva Baja Caducifolia, Bosque en GalerAa",
246,Parcelas,Guerrero,Ometepec,Barranca Honda 3,99 aA+-os,7/26/2011,1,Amuzgo,Selva Mediana Subcaducifolia,
247,Parcelas,Guerrero,Ometepec,Arroyo Mamey,99 aA+-os,7/26/2011,1,Amuzgo,Selva Mediana Subcaducifolia,
248,Parcelas,Guerrero,Ometepec,Paraje,99 aA+-os,7/26/2011,1,Amuzgo,Selva Mediana Subcaducifolia,
249,Parcelas,Guerrero,Ometepec,El Zapote,99 aA+-os,7/26/2011,7.2,Amuzgo,Selva Mediana Subcaducifolia,
250,Parcelas,Guerrero,Ometepec,La Piedra Boluda,99 aA+-os,7/26/2011,15,Amuzgo,Selva Mediana Subcaducifolia,
251,Parcelas,Guerrero,Ometepec,El Ciruelo,99 aA+-os,7/26/2011,1,Amuzgo,Selva Mediana Subcaducifolia,
252,Parcelas,Guerrero,Ometepec,Cerro Zanate,99 aA+-os,7/26/2011,1,Amuzgo,Selva Mediana Subcaducifolia,
253,Parcelas,Guerrero,Ometepec,El LimA3n 2,99 aA+-os,7/26/2011,1,Amuzgo,Selva Mediana Subcaducifolia,
254,Parcelas,Guerrero,Ometepec,El Sepudo 2,99 aA+-os,7/26/2011,1,Amuzgo,Selva Mediana Subcaducifolia,
255,Parcelas,Guerrero,Ometepec,Barranca Honda 2,99 aA+-os,7/26/2011,1,Amuzgo,Selva Mediana Subcaducifolia,
256,Parcelas,Guerrero,Ometepec,Los Limos,99 aA+-os,7/26/2011,4,Amuzgo,Selva Mediana Subcaducifolia,
257,Parcelas,Guerrero,Ometepec,La Vainilla,99 aA+-os,7/26/2011,1,Amuzgo,Selva Mediana Subcaducifolia,
258,Parcelas,Guerrero,Ometepec,Toncano,99 aA+-os,7/26/2011,1,Amuzgo,Selva Mediana Subcaducifolia,
259,Parcelas,Guerrero,Ometepec,La Vainilla 2,99 aA+-os,7/26/2011,1,Amuzgo,Selva Mediana Subcaducifolia,
260,Personas FAsicas,Guerrero,MochitlA!n,Area de ConservaciA3n Agua de Obispo,99 aA+-os,7/26/2011,220,N/A,"Selva Mediana Subcaducifolia, Bosque de Pino Encino, Bosque de Encino, Bosque MesA3filo",
261,Parcelas,Guerrero,Ometepec,Tierra Perdida,99 aA+-os,7/26/2011,1,Amuzgo,Selva Mediana Subcaducifolia,
262,Parcelas,Guerrero,Ometepec,Cerro del Naranjo 2,99 aA+-os,7/26/2011,2,Amuzgo,Selva Mediana Subcaducifolia,
263,Parcelas,Guerrero,Ometepec,Arroyo Miel,99 aA+-os,7/26/2011,1,Amuzgo,Selva Mediana Subcaducifolia,
264,Parcelas,Guerrero,Ometepec,Arroyo Choco,99 aA+-os,7/26/2011,1,Amuzgo,Selva Mediana Subcaducifolia,
265,Parcelas,Guerrero,Ometepec,El Sepudo 3,99 aA+-os,7/26/2011,3.28,Amuzgo,Selva Mediana Subcaducifolia,
266,Parcelas,Guerrero,Ometepec,El Pantano 2,99 aA+-os,7/26/2011,1,Amuzgo,Selva Mediana Subcaducifolia,
267,Parcelas,Guerrero,Ometepec,El Sepudo 4,99 aA+-os,7/26/2011,4.18,Amuzgo,Selva Mediana Subcaducifolia,
268,Parcelas,Guerrero,Ometepec,Tres Cerros 2,99 aA+-os,7/26/2011,1,Amuzgo,Selva Mediana Subcaducifolia,
269,Parcelas,Guerrero,Ometepec,El Camalote 2,99 aA+-os,7/26/2011,1.26,Amuzgo,Selva Mediana Subcaducifolia,
270,Parcelas,Guerrero,Ometepec,El Palmar 2,99 aA+-os,7/26/2011,2,Amuzgo,Selva Mediana Subcaducifolia,
271,Parcelas,Guerrero,Ometepec,El Palmar,99 aA+-os,7/26/2011,4.65,Amuzgo,Selva Mediana Subcaducifolia,
272,Parcelas,Guerrero,Ometepec,El Camalote,99 aA+-os,7/26/2011,2,Amuzgo,Selva Mediana Subcaducifolia,
273,Parcelas,Guerrero,Ometepec,"Cerro El Ocote, La Parcela y El Puma Rosa",99 aA+-os,7/26/2011,7,Amuzgo,Selva Mediana Subcaducifolia,
274,Parcelas,Guerrero,Ometepec,El Ceibo,99 aA+-os,7/26/2011,1,Amuzgo,Selva Mediana Subcaducifolia,
275,Parcelas,Guerrero,Ometepec,Cerro del Naranjo,99 aA+-os,7/26/2011,1,Amuzgo,Selva Mediana Subcaducifolia,
276,Parcelas,Guerrero,Ometepec,La Barrera,99 aA+-os,7/26/2011,2.72,Amuzgo,Selva Mediana Subcaducifolia,
277,Parcelas,Guerrero,Ometepec,El Zorro,99 aA+-os,7/26/2011,1,Amuzgo,Selva Mediana Subcaducifolia,
278,Parcelas,Guerrero,Ometepec,Barranca Honda 1,99 aA+-os,7/26/2011,1,Amuzgo,Selva Mediana Subcaducifolia,
279,Parcelas,Guerrero,Ometepec,El Sepudo,99 aA+-os,7/26/2011,2,Amuzgo,Selva Mediana Subcaducifolia,
280,Parcelas,Guerrero,Ometepec,Tres Cerros,99 aA+-os,7/26/2011,1,Amuzgo,Selva Mediana Subcaducifolia,
281,Parcelas,Guerrero,Ometepec,El Pantano,99 aA+-os,7/26/2011,7,Amuzgo,Selva Mediana Subcaducifolia,
282,Parcelas,Guerrero,Ometepec,RincA3n del Limo,99 aA+-os,7/26/2011,2,Amuzgo,Selva Mediana Subcaducifolia,
283,Personas FAsicas,Guerrero,Atoyac de Alvarez,Area de ConservaciA3n CaA+-ada del Iris,99 aA+-os,8/3/2011,792,N/A,"Bosque MesA3filo de MontaA+-a, Bosque de Pino Encino, Bosque Alpino, Bosque de Encino, Selva Mediana Subcaducifolia",
284,Personas FAsicas,Tlaxcala,Tlaxco,Area Natural Praderaotegida El Nacimiento,15 aA+-os,9/7/2011,204.45,N/A,"Bosque Alpino de Abies, Bosque de Pino Encino, Pradera",
285,Comunidades,Oaxaca,San Pablo Villa de Mitla,El Campanario-Laacanloo Cruz,15 aA+-os,11/25/2011,"4,902.97",Zapotecos de los Valles Centrales,"Bosque de Pino-Encino, Bosque de Pino, Selva Baja Caducifolia, Matorral XerA3filo, Pastizal",
286,Tierras de Uso ComAon,Oaxaca,UniA3n Zapata,El Fuerte,15 aA+-os,11/25/2011,988.12,Mestizos,"Bosque de Pino-Encino, Bosque de Pino, Selva Baja Caducifolia, Matorral XerA3filo, Pastizal",
287,Personas FAsicas,Tlaxcala,Tlaxco,Area Natural Praderaotegida al Final de La Senda,15 aA+-os,11/29/2011,19.59,N/A,"Bosque Alpino de Abies, Bosque de Pino Encino, Pradera inducida",
288,Sociedades,Tlaxcala,Nanacamilpa de Mariano Arista,Area Natural Praderaotegida del Bicentenario Piedra Canteada,15 aA+-os,11/29/2011,632.28,N/A,"Bosque Alpino de Abies, Bosque de Pino Encino",
289,Comunidades,Guerrero,HuamuxtitlA!n,Area de ConservaciA3n EcolA3gica de San BartolomA(c) Tlaquiltepec,30 aA+-os,1/24/2012,"1,537.80",Mixteco y Nahuatl,"Selva Baja Caducifolia, Bosque de Encino, Matorral gipsA3filo, Bosque en galerAa",
290,Comunidades,Guerrero,Cualac,Area de ConservaciA3n EcolA3gica de Cualac,30 aA+-os,1/27/2012,"6,958.04",Nahuatl,"Selva Baja Caducifolia, Sabana de Encino, Bosque en GalerAa",
291,Parcelas,Guerrero,Ometepec,Ojo de Agua,99 aA+-os,2/3/2012,2,Amuzgo,"Selva Baja Caducifolia, Selva Mediana Subcaducifolia",
292,Parcelas,Guerrero,Ometepec,Rumbo a Agua FrAa,99 aA+-os,2/3/2012,2,Amuzgo,"Selva Baja Caducifolia, Selva Mediana Subcaducifolia",
293,Parcelas,Guerrero,Ometepec,Cerro de San Marcos,99 aA+-os,2/7/2012,2,Amuzgo,"Selva Baja Caducifolia, Selva Mediana Subcaducifolia",
294,Parcelas,Guerrero,Ometepec,El Camalote 3,99 aA+-os,2/7/2012,2,Amuzgo,"Selva Baja Caducifolia, Selva Mediana Subcaducifolia",
295,Personas FAsicas,Tlaxcala,Mariano Arista,Area Natural Praderaotegida Santuario de La Luciernaga,15 aA+-os,3/14/2012,195,N/A,"Bosque Alpino de Abies, Bosque de Pino Encino",
296,Personas FAsicas,Oaxaca,San Juan Guichicovi,PequeA+-a Praderaopiedad de Melquiades Flores Francisco denominada El Mirador,15 aA+-os,4/18/2012,73,N/A,Selva Alta Perennifolia y Selva Mediana Subcaducifolia,
297,Personas FAsicas,Baja California Sur,MulegA(c),Servidumbre EcolA3gica para La ConservaciA3n Costera y Terrestre Rancho San CristobA!l-MajibA(c)n,99 aA+-os,5/3/2012,538.5,N/A,"Matorral XerA3filo HalA3fito, Matorral XerA3filo MicrA3filo, Eriales",
298,Personas FAsicas,Sonora,Amuris,El Aribabi FracciA3n B,15 aA+-os,5/4/2012,"3,955.18",N/A,"Matorral XerA3filo de Mezquite/Sahuaro/Nopal, Pastizal con Yuca, GalerAas de Sauce/Platanus, Sabana de Pino/Encino/JunApero, Bosque de Encino, Bosque de Pino-Encino, VegetaciA3n AcuA!tica",
299,Sociedades,Sonora,Amuris,FracciA3n C del Praderaedio RAostico Los GA 1/4 erigos,15 aA+-os,5/7/2012,"2,698.38",N/A,"Matorral XerA3filo de Mezquite/Sahuaro/Nopal, Pastizal con Yuca, GalerAas de Sauce/Platanus, Sabana de Pino/Encino/JunApero, Bosque de Encino, Bosque de Pino-Encino, VegetaciA3n AcuA!tica",
300,Sociedades,Sonora,Amuris,"Praderaedio Potrero de Los silos, Potrero Los Amorosos y Praderaedio Los Vallecitos",15 aA+-os,5/4/2012,"2,195.38",N/A,"Matorral XerA3filo de Mezquite/Sahuaro/Nopal, Pastizal con Yuca, GalerAas de Sauce/Platanus, Sabana de Pino/Encino/JunApero, Bosque de Encino, Bosque de Pino-Encino, VegetaciA3n AcuA!tica",
301,Tierras de Uso ComAon,Nuevo LeA3n,General Zaragoza,Zona de RestauraciA3n EcolA3gica del Lobo Mexicano La Encantada,99 aA+-os,5/17/2012,"7,936.78",N/A,"Bosque Alpino, Bosque de Pino, Bosque de Pino Encino, Bosque MesA3filo, Bosque de GalerAa, Chaparral, Matorral DesA(c)rtico RosetA3filo, Matorral DesA(c)rtico MicrA3filo,Pastizal Inducido",
302,Tierras de Uso ComAon,Nuevo LeA3n,General Zaragoza,Zona de RestauraciA3n EcolA3gica del Lobo Mexicano San Francisco,99 aA+-os,6/11/2012,"3,293.89",N/A,"Bosque Alpino, Bosque de Pino, Bosque de Pino Encino, Chaparral, Matorral DesA(c)rtico RosetA3filo, Matorral DesA(c)rtico MicrA3filo, Pastizal Inducido",
303,Parcelas,Oaxaca,AsunciA3n Ixtaltepec,Parcela No 349 Z-1 P1/1,15 aA+-os,6/11/2012,395.6,N/A,"Selva Baja Caducifolia, Selva Mediana Subcaducifolia, Sabana de Pino-Encino, Bosque de Pino-Encino",
304,Sociedades,Jalisco,La Huerta,Reserva Natural Zafiro,50 aA+-os,6/25/2012,280.48,N/A,"Selva Baja Caducifolia, Selva Mediana Subcaducifolia, Bosque en GalerAa, Manglar, VegetaciA3n AcuA!tica.",
305,Personas FAsicas,Oaxaca,San Juan Guichicovi,Las Maravillas Lote 21,15 aA+-os,6/25/2012,142.2,N/A,Selva Alta Perennifolia,
306,Comunidades,Guerrero,HuamuxtitlA!n,Area de ConservaciA3n EcolA3gica de Santa Cruz,30 aA+-os,7/19/2012,"1,014.89",Nahuatl,"Selva Baja Caducifolia, Bosque de Encino, Matorral GipsA3filo",
307,Personas FAsicas,Oaxaca,Tlaxiaco,Barranca del Angel,15 aA+-os,8/2/2012,105,N/A,"Bosque de Pino-Encino, Bosque de Pino",
308,Personas FAsicas,Oaxaca,Santo Domingo Zanatepec,San JosA(c) de Los Amates,15 aA+-os,9/13/2012,17,N/A,Selva Mediana Subcaducifolia,
309,Personas FAsicas,Puebla,Chiautla de Tapia,El Campanario,20 aA+-os,9/19/2012,26,N/A,"Selva Baja Caducifolia, Matorral Espinoso",
310,Personas FAsicas,Puebla,ZacatlA!n,Palos CaAdos,50 aA+-os,9/19/2012,33.1,N/A,Bosque de Pino-Encino,
311,Personas FAsicas,Tlaxcala,Nanacamilpa de Mariano Arista,Area Natural Praderaotegida Cuarta FracciA3n de Santa Clara El Corte,15 aA+-os,9/19/2012,29,N/A,"Bosque Alpino de Abies, Bosque de Pino Encino",
312,Personas FAsicas,Tlaxcala,Nanacamilpa de Mariano Arista,Area Natural Praderaotegida Segunda FracciA3n de Santa Clara El Corte,15 aA+-os,9/26/2012,28.08,N/A,"Bosque Alpino de Abies, Bosque de Pino Encino",
313,Personas FAsicas,Tlaxcala,Nanacamilpa de Mariano Arista,Area Natural Praderaotegida Praderaimera FracciA3n de Santa Clara El Corte,15 aA+-os,9/26/2012,28.22,N/A,"Bosque Alpino de Abies, Bosque de Pino Encino",
314,Personas FAsicas,Tlaxcala,Nanacamilpa de Mariano Arista,Area Natural Praderaotegida Tercera FracciA3n de Santa Clara El Corte,15 aA+-os,9/26/2012,28.08,N/A,"Bosque Alpino de Abies, Bosque de Pino Encino",
315,Personas FAsicas,Tlaxcala,Tlaxco,Area Natural Praderaotegida La Cruz,15 aA+-os,9/26/2012,14.73,N/A,Bosque Alpino de Abies,
316,Tierras de Uso ComAon,Guerrero,Chilpancingo de los Bravo,"Area de ConservaciA3n, PraderaotecciA3n y Desarrollo Silvopastoril Acahuizotla",99 aA+-os,10/25/2012,"1,998.82",N/A,"Selva Baja Caducifolia, Selva Mediana Subcaducifolia, Bosque MesA3filo de MontaA+-a, Bosque de Pino Encino, Bosque de Encino.",
317,Comunidades,Oaxaca,San Marcos Arteaga,Cerro de La Culebra,15 aA+-os,10/30/2012,446,N/A,"Bosque de Encino, Palmar, Selva Baja Caducifolia, Matorral XerA3filo",
318,Personas FAsicas,Tlaxcala,Terrenate,Area Natural Praderaotegida Tenexac,15 aA+-os,11/8/2012,478.79,N/A,"Bosque de Pino Encino (relictos), Matorral",
319,Personas FAsicas,Tlaxcala,Tlaxco,Area Natural Praderaotegida FracciA3n Cuatro de San JosA(c) El Manantial,15 aA+-os,12/19/2012,41.94,N/A,"Bosque Alpino de Abies, Bosque de Pino Encino",
320,Personas FAsicas,Tlaxcala,Tlaxco,Area Natural Praderaotegida FracciA3n NAomero Cinco de San JosA(c) El Manantial,15 aA+-os,12/19/2012,41.93,N/A,"Bosque Alpino de Abies, Bosque de Pino Encino",
321,Personas FAsicas,Tlaxcala,Tlaxco,Area Natural Praderaotegida FracciA3n Dos de San JosA(c) El Manantial,15 aA+-os,12/19/2012,41.94,N/A,"Bosque Alpino de Abies, Bosque de Pino Encino",
322,Comunidades,Oaxaca,Barrio de la Soledad,Area de Uso ComAon del NAocleo Agrario El Barrio de la Soledad,15 aA+-os,12/19/2012,"3,555.49",N/A,"Selva Alta Perennifolia, Selva Mediana Perennifolia","En alcance al Certificado CONANP.-343/2012, se emitio el oficio con el cual se excluyen del A!rea certificada 10.3126287 ha del predio denominado ""Cerro La PeA+-a"", lo anterior a solicitud de la comunidad."
323,Tierras de Uso ComAon,Oaxaca,San Juan Guichicovi,Tierras de Uso ComAon del Ejido San Juanito,15 aA+-os,3/26/2013,324.74,Mixe,"Selva Alta Perennifolia, Selva Mediana Subperennifolia",
324,Tierras de Uso ComAon,Oaxaca,San Juan Guichicovi,Zona de Uso ComAon I y II,15 aA+-os,6/24/2013,44.57,Mixteco,"Selva Alta Perennifolia, Selva Mediana Subperennifolia",
325,Asociaciones,Baja California Sur,ComondAo,Reserva EcolA3gica Llanos de Magdalena,99 aA+-os,6/24/2013,621.55,N/A,"Matorral XerA3filo HalA3fito, Matorral XerA3filo MicrA3filo, Matorral XerA3filo Sarco-Crasicaule, Manglar",
326,Sociedades,Baja California Sur,La Paz,Reserva Natural El Portezuelo I,99 aA+-os,7/2/2013,"1,323.04",N/A,"Matorral Xeroripario, Matorral XerA3filo Sarcocrasicaule, Oasis y manantiales",
327,Sociedades,Baja California Sur,La Paz,Reserva Natural El Portezuelo II,99 aA+-os,7/2/2013,925.71,N/A,"Matorral Xeroripario, Matorral XerA3filo Sarcocrasicaule, Oasis y manantiales",
328,Sociedades,Baja California Sur,Loreto,Reserva Natural El Portezuelo III,99 aA+-os,7/2/2013,384.67,N/A,"Matorral Xeroripario, Matorral XerA3filo Sarcocrasicaule, Oasis y manantiales",
329,Comunidades,Oaxaca,Santa MarAa Tonameca,El GavilA!n,15 aA+-os,7/29/2013,"1,130.46",Zapotecas,"Selva Alta Perennifolia, Bosque MesA3filo de MontaA+-a, Bosque de Pino-Encino",
330,Asociaciones,Baja California,Ensenada,Costa Salvaje WildLands,99 aA+-os,8/12/2013,"3,469.06",N/A,"Matorral XerA3filo Sarco-Crasicaule, Matorral XerA3filo HalA3fito",
331,Asociaciones,Sonora,Santa Cruz,Los Fresnos,99 aA+-os,8/14/2013,"3,876.54",N/A,"Pradera, Chaparral, GalerAas de Sauce/Platanus, Sabana de Pino/Encino/JunApero, Ecosistemas AcuA!ticos",
332,Personas FAsicas,YucatA!n,Uayma,Ha'Bin,30 aA+-os,8/19/2013,90,N/A,"Selva Baja Caducifolia, Selva Mediana Subcaducifolia",
333,Personas FAsicas,Tlaxcala,Tlaxco,"Area Natural Praderaotegida Praderaimera FracciA3n, de la FracciA3n Dos del Praderaedio Sin ConstrucciA3n Denominado Ojo de Agua",15 aA+-os,8/19/2013,13.81,N/A,"Bosque Alpino de Abies, Bosque de Pino-Encino",
334,Personas FAsicas,YucatA!n,Dzitas y Tinum,Kitam,30 aA+-os,8/26/2013,47.45,N/A,"Selva Baja Caducifolia, Selva Mediana Subcaducifolia",
335,Sociedades,Baja California,Ensenada,Rancho La ConcepciA3n,99 aA+-os,9/4/2013,500,N/A,"Chaparral, Bosque de Pino/Encino, Bosque de GalerAa",
336,Sociedades,Quintana Roo,Bosque de Encinonito Juarez,Reserva Praderaivada Moon Palace,15 aA+-os,9/4/2013,315.73,N/A,"Manglar, Pastizal, Tasistal, Selva baja Caducifolia",
337,Personas FAsicas,Oaxaca,Tututepec de Melchor Ocampo,Dos Farallones (El VigAa),25 aA+-os,10/7/2013,108.99,N/A,"Selva Baja Caducifolia, Selva Mediana Subcaducifolia, Comunidad Costera, Manglar, Matorral XerA3filo",
338,Tierras de Uso ComAon,Tlaxcala,Tlaxco,Area Natural Praderaotegida Ejido El Rosario,15 aA+-os,10/24/2013,"1,269.26",N/A,"Bosque Alpino de Abies, Bosque de Pino-Encino",
339,Asociaciones,Baja California,Ensenada,Reserva Natural Valle Tranquilo,99 aA+-os,10/24/2013,"3,691.20",N/A,Matorral RosetA3filo Costero,
340,Comunidades,Oaxaca,Villa Diaz Ordaz,Danii Idoo (Cerro Iglesia),15 aA+-os,10/24/2013,"3,148.44",N/A,"Bosque de Pino, Bosque de Encino, Matorral XerA3filo, Selva Baja Caducifolia",
341,Comunidades,Oaxaca,San Juan Bautista Suchitepec,Siete Cumbres Guadalupe Cuautepec,15 aA+-os,11/24/2013,463.47,N/A,"Bosque de Encino, Sabana de Tascate, Selva Baja Caducifolia, Palmar de Brahea, Matorral XerA3filo, Bosque de GalerAa",
342,Personas FAsicas,Tlaxcala,Tlaxco,ANP Loma de Enmedio y Tetzitzilica,15 aA+-os,1/21/2014,27,N/A,"Bosque Alpino de Abies, Bosque de Pino-Encino",
343,Comunidades,Oaxaca,Ixpantepec Nieves,SA!ta SAAka,15 aA+-os,6/3/2014,91.15,Mixteca,"Selva Baja Caducifolia, Bosque de Encino",
344,Sociedades,Baja California Sur,La Paz,Reserva Natural El Portezuelo IV,99 aA+-os,7/3/2014,"2,039.78",N/A,"Matorral Xeroripario, Matorral XerA3filo Sarcocrasicaule, Oasis y manantiales",
345,Parcelas,Oaxaca,AsunciA3n Ixtaltepec,Parcela No 22 Z-1 P1/1,30 aA+-os,7/10/2014,85.67,Zapoteco,"Selva Baja Caducifolia, Selva Mediana Subcaducifolia, Sabana de Pino-Encino, Selva Espinosa, Matorral XerA3filo",
346,Parcelas,Oaxaca,AsunciA3n Ixtaltepec,Parcela No 93 Z-1 P1/1,15 aA+-os,7/10/2014,72.77,Zapoteco,"Selva Baja Caducifolia, Selva Mediana Subcaducifolia, Sabana de Pino-Encino, Selva Espinosa, Matorral XerA3filo",
347,Asociaciones,Baja California Sur,ComondAo,Reserva EcolA3gica Llanos de Magdalena II,99 aA+-os,7/14/2014,445.52,N/A,"Matorral XerA3filo HalA3fito, Matorral XerA3filo MicrA3filo, Matorral XerA3filo Sarco-Crasicaule, Manglar",
348,Personas FAsicas,Baja California Sur,ComondAo,Rancho Los Pumas,15 aA+-os,7/24/2014,"7,656.26",N/A,"Matorral XerA3filo, Selva Baja Caducifolia",
349,Tierras de Uso ComAon,Tlaxcala,Nanacamilpa de Mariano Arista,Area Natural Praderaotegida Ejido Miguel Lira y Ortega Santuario de la LuciA(c)rnaga,15 aA+-os,7/30/2014,275.56,N/A,"Bosque Alpino de Abies, Bosque de Pino-Encino",
350,Personas FAsicas,Oaxaca,AsunciA3n Ixtaltepec,Parcela No 221 Z-1 P1/1,40 aA+-os,7/30/2014,178.51,N/A,"Selva Alta Perennifolia, Selva Mediana Subperennifolia, Selva Baja Caducifolia, Sabana",
351,Personas FAsicas,Oaxaca,AsunciA3n Ixtaltepec,Parcela No 262 Z-1 P1/1,40 aA+-os,8/7/2014,141.16,N/A,"Selva Baja Caducifolia, Selva Mediana Subperennifolia, Sabana",
352,Comunidades,Oaxaca,Tezoatlan de Segura y Luna,Sata Yuku N'daa (AtrA!s del Cerro de La Mano),15 aA+-os,8/7/2014,625,Mixtecos,"Selva Baja Caducifolia, Bosque Espinoso, Bosque de Encino",
353,Asociaciones,Guanajuato,San Miguel de Allende,JardAn BotA!nico El Charco del Ingenio,99 aA+-os,8/25/2014,66.12,N/A,"Matorral XerA3filo, Bosque Espinoso, VegetaciA3n acuA!tica, Bosque de GalerAa",
354,Personas FAsicas,Oaxaca,MatAas Romero AvendaA+-o,Predio San JosA(c),50 aA+-os,9/17/2014,50,N/A,Selva Alta Perennifolia,
355,Asociaciones,Jalisco,BolaA+-os,Reserva Praderaivada Bosque Antiguo A.C,50 aA+-os,9/17/2014,373.25,N/A,"Selva Baja Caducifolia, Bosque de Pino-Encino, Bosque de Encino, Bosque de Pino",
356,Tierras de Uso ComAon,Oaxaca,San Marcos Arteaga,Cerro del Organal,15 aA+-os,9/23/2014,229,N/A,"Selva Baja Caducifolia, Matorral XerA3filo",
357,Asociaciones,Baja California,Ensenada,CostaSalvaje WildLands II,99 aA+-os,10/8/2014,"3,846.85",N/A,"Matorral XerA3filo, Sarco-Crasicaule, Matorral XerA3filo HalA3fito",
358,Asociaciones,Baja California,Ensenada,Reserva Natural Punta Mazo,99 aA+-os,10/20/2014,832.47,N/A,"Matorral de Dunas Costeras, Matorral Costero, Matorral HalA3fito, Pastizal HalA3fito y Marisma",
359,Asociaciones,Sinaloa,Angostura,Reserva EcolA3gica BahAa Santa MarAa II,99 aA+-os,10/30/2014,840.1,N/A,"Manglar, VegetaciA3n Halofita y VegetaciA3n Subacuatica.",
360,Asociaciones,Sinaloa,Angostura,Reserva EcolA3gica BahAa Santa MarAa I,99 aA+-os,12/8/2014,292.8,N/A,"Manglar, VegetaciA3n Halofita y VegetaciA3n Subacuatica.",
361,Federal,Sonora,Cananea,La Mariquita,99 aA+-os,3/31/2015,"2,195.89",N/A,"Pastizal-Mezquite, Tascate, BE, BP.",
362,Personas FAsicas,Chiapas,Ocozocuautla,Barranca Honda,15 aA+-os,6/8/2015,51.35,N/A,"Selva Alta Perennifolia, Bosque Mesofilo de MontaA+-a",
363,Personas FAsicas,Oaxaca,San Juan Guichicovi,Las Maravillas Lote 8,99 aA+-os,7/14/2015,127.71,N/A,"Selva Alta Perennifolia, Selva Mediana Perennifolia",
364,Personas FAsicas,Oaxaca,San Pedro Tapanatepec,El Diamante,30 aA+-os,7/27/2015,150,N/A,Selva Baja Caducifolia,
365,Personas FAsicas,Chiapas,Palenque,Rancho Pipos,50 aA+-os,8/18/2015,8.43,N/A,Selva Alta Perennifolia,
366,Personas FAsicas,Oaxaca,San Pedro Tapanatepec,Los Naranjos,30 aA+-os,8/19/2015,150,N/A,Selva Baja Caducifolia,
367,Comunidades,Aguascalientes,San Jose de Gracia,"Santuario para el Aguila Real en los Bienes Comunales de San JosA(c) de Gracia, Aguascalientes",30 aA+-os,8/7/2015,"6,170",N/A,"Bosque de Encino, Pastizal Natural, VegetaciA3n Riparia, Izotal, Bosque de Encino-Pino",
368,Personas FAsicas,Oaxaca,MatAas Romero AvendaA+-o,La Llorona,50 aA+-os,9/8/2015,50,N/A,Selva Alta Perennifolia,
369,Personas FAsicas,Coahuila,Saltillo,Area de Germoplasma Relevante Rancho La Puerta,15 aA+-os,10/7/2015,"1,379.78",N/A,"Sabana de ConAferas, Matorral DesA(c)rtico MicrA3filo, Matorral DesA(c)rtico Crasicaule, Pradera",
370,Personas FAsicas,Oaxaca,San Pedro Tapanatepec,La Herradura,30 aA+-os,2/29/2016,177,N/A,Selva Baja Caducifolia,
371,Asociaciones,Baja California,Ensenada,CostaSalvaje WildLands III,89 aA+-os,6/1/2016,6029.61,N/A,"Matorral XerA3filo, Sarco- Crasicaule, Matorral XerA3filo HalA3filo",
372,Sociedades,Quintana Roo,Felipe Carrillo Puerto,Canan Kax,80 aA+-os,6/6/2016,749.46,N/A,"Selva Mediana Subperennifolia, Selva Baja Inundable",
373,Sociedades,Baja California Sur,Loreto,Santa Martha,73 aA+-os,6/1/2016,479.02,N/A,Matorral Sarcocaule y VegetaciA3n Riparia,
374,Comunidades,Chiapas,Mapastepec,Las Nubes,15 aA+-os,6/3/2016,424.29,N/A,Selva Alta Perennifolia y Selva Mediana Subperennifolia,
375,Personas FAsicas,Chiapas,Tapachula,El Rosario,15 aA+-os,6/6/2016,49.75,N/A,Selva Baja Caducifolia,
376,Personas FAsicas,Quintana Roo,Puerto Morelos,Las Gatas,99 aA+-os,6/1/2016,61.37,N/A,Selva Mediana Subperennifolia ,
377,Personas FAsicas,MazatlA!n,Sinaloa,PacoA's Reserva de Flora y Fauna,99 aA+-os,2/19/2017,10.02,N/A,Selva Baja Caducifolia,
378,Asociaciones,Baja California Sur ,ComondAo,Reserva EcolA3gica Llanos de Magdalena III,88 aA+-os,1/19/2017,217.69,N/A,"Matorral XerA3filo HalA3fito, Matorral XerA3filo MicrA3filo, Matorral XerA3filo Sarco-Crasicaule y Manglar",
379,Asociaciones,Baja California,Ensenada,Reserva Natural Monte Ceniza,99 aA+-os,4/18/2017,803.41,N/A,Matorral RosetA3filo Costero y Pastizal HalA3filo,
380,Asociaciones,Sinaloa,Elota,Reserva El Chirimole,30 aA+-os,4/27/2017,469.11,N/A,Bosque de Encino y Selva Baja Caducifolia,
381,Asociaciones,Sinaloa,Angostura,Reserva EcolA3gica BahAa Santa MarAa III,87 aA+-os,5/4/2017,506.16,N/A,"Bosque Espinoso Caducifolio, Manglar, Pastizal HalA3fito y Humedal",
382,Personas FAsicas,Chiapas,El Parral,Gruta de Montecristo,15 aA+-os,1/19/2017, 7.08 ,N/A,Selva Baja Caducifolia,
383,PAoblico-Descentralizado Estatal,Chiapas,Jiquipilas,Los Bordos,50 aA+-os,2/14/2017," 3,153.93 ",N/A,"Selva Baja Caducifolia, Selva Mediana Subperennifolia, Sabana y Pastizal",
384,Personas FAsicas,Chiapas,Ocozocoautla de Espinosa,Finca El Corinto,99 aA+-os,5/15/2017, 499.40 ,N/A,"Selva Baja Espinosa Perennifolia, Selva Baja Espinosa Caducifolia y Selva Baja Subperennifolia.",
385,Personas FAsicas,Oaxaca,San Juan Guichicovi,Rancho GuaabA+-agob,30 aA+-os,1/30/2017, 116.65 ,N/A,Selva alta perennifolia.,
386,Tierras de Uso ComAon,Oaxaca,Santiago Ayuquililla,Las Palmillas de Cerro Verde,99 aA+-os,8/8/2017, 973.67 ,Mixteco,Bosque de encino y selva baja caducifolia.,
387,Comunidades,Oaxaca,Santiago Ayuquililla,Agua Buena,15 aA+-os,8/8/2017," 1,190.00 ",Mixteco,"Bosque de pino, bosque de pino-encino y bosque de encino.",
388,Tierras de Uso ComAon,Oaxaca,JuchitA!n de Zaragoza,Zona de Uso ComAon 1 y 2,30 aA+-os,8/8/2017," 2,178.31 ",Zapoteco,"Selva baja caducifolia, selva mediana subcaducifolia, selva mediana subperennifolia y enclaves de matorral xerA3filo, vegetaciA3n de zonas inundables y palmares.",
