NÚMERO  ,EMPRESA,DOMICILIO,CLAVE DEL ESTADO,ESTADO ,CLAVE DEL MUNICIPIO,MUNICIPIO,CAPACIDAD DE TRATAMIENTO (TON/AÑO),AUTORIZADO PARA REMEDIAR:,No.  AUTORIZACIÓN ,OFICIO DE AUTORIZACION  DGGIMAR.710/,FECHA DE INICIO DE VIGENCIA,FECHA DE TÉRMINO DE VIGENCIA ,MODIFICACIONES  A LA AUTORIZACIÓN NÚMERO DE OFICIO/FECHA  ,CLAVES DE LOS PROCESOS DE TRATAMIENTO AUTORIZADOS         ,  OTROS  TRATAMIENTOS
1,"Suministros Industriales Carrizales, SA de CV","Calle ""B"" No 46  Col Fátima, Cd. del Carmen, Camp.",4,Campeche,3,"Ciudad del
Carmen",3500 m3/mes,Sedimentos en tanques de almacenamiento de productos petroleros ,4-3-PS-V-01-94,10817,28/11/1994,Vigencia indefinida,,OTR1-LS   ,"OTR1-LS:
Tratamiento a un lado del sitio por Precipitación química y separación física de las fases sólida y líquida por centrifugación y filtración"
2,"DIR Construcciones y Servicios, S.A. de C.V.","11? Calle Oriente No. 44 
Col. Centro C.P. 30700
Tapachula, Chiapas.
Tel. 01(962) 52315 
epa.dorantes1@gmail.com
",7,Chiapas,89,Tapachula,,"Suelos y materiales semejantes a suelos, contaminados con hidrocarburos",7-V-33-15,4814,5/6/2015,5/6/2025,,"LAND-S
BVAE-S
PILA-LS
LAND-LS
OXIQ-LS  ",
3,"Servicios Ambiotrat, SA de CV","Sierra del Peguis No 11804,  Col Sierra azul, c.p. 31384 Chihuahua, Chih             Tel  01 (614) 446 50 67",8,Chihuahua,19,Chihuahua,,"Suelos y materiales semejantes a suelos, contaminados con hidrocarburos","08-V-21-14 
PRORROGA","002983
",8/4/2014,8/4/2019,,"PILA-LS
LAND-LS
OXIQ-LS
BVAE-S
EXVA-S",
4,"Grupo Rochabla, 
SA de CV ","Oriente Sacramento No 1810, Col Del Valle, CP 31217, Chihuahua, Chihuahua                 Tel  01(614) 423 15 63 ",8,Chihuahua,19,Chihuahua,,"Suelos y materiales semejantes a suelos, contaminados con hidrocarburos",8- V-64-09   ,"006289
",10/8/2009,10/8/2019,,"PILA-LS
OXIQ-LS
BVAE-S
EXVA-S",
5,"Grupo Arthuriana, 
SA de CV","Cuernavaca No 43, Col Condesa,  CP 06140 Delg Cuauhtemoc,México, DF 
Tel  5212 0268,  5361 1354",9,Ciudad de México,15,Cuauhtémoc,"1,800,000",Suelos contaminados con hidrocarburos ,9-V-21-08        ,3059,30/04/2008,30/04/2018,,"LAND-LS
OXIQ-LS
BVAE-S
EXVA-S",
6,"Consultoría Ambiental, Estudios y Proyectos, SA de CV","Orion No 44, Col Prado Churubusco, CP 04230, Delg Coyoacán, Distrito Federal Tel.  5581 8871,   5582  8876  ",9,Ciudad de México,3,Coyoacán,"1,150,000","Suelos y materiales semejantes a suelos, contaminados con hidrocarburos","9-V-25-08 
PÓRROGA","005222
22Jul08",26/05/2008,22/07/2018,"005008
19Jun09","PILA-LS
LAND-LS
OXIQ-LS
LAND-S
EXVA-S
BVAE-S",
7,"Proyectos y Servicios Ambientales y Seguridad Industrial, SA de CV","Campo Macuspana No 36, Col Reynosa Tamaulipas    CP 02200, Delg Azcapotzalco, DF Tel 5382 4664,  5319 8347, 5394 4697 Fax 5382 4664",9,Ciudad de México,2,Azcapotzalco,"1,200,000",Suelos contaminados con hidrocarburos ,9-V-42-08        ,"005349
",25/07/2008,25/07/2018,,"PILA-LS
LAND-LS
OXIQ-LS
BVAE-S
EXVA-S",
8,"Tecnologías  Limpias, SA de CV","Josafat Márquez Edif 22 Int 504, Fracc Colonial Iztapalapa, CP 09270, Delg Iztapalapa,    D F                  Tel  921 23 98,   
 921 05 57",9,Ciudad de México,7,Iztapalapa,"37,500","Suelos y materiales semejantes a suelos, contaminados con hidrocarburos",09-V-49-08        ,"006259
",25/08/2008,25/08/2018,,LAVS-LS,
9,"Servicio Ambiental Especializado, SA de CV","Calle 5 No 10 Col Espartaco, Delg Coyoacán CP 04870, DF  Tel  5568 77 69",9,Ciudad de México,3,Coyoacán,"540,000","Suelos y materiales semejantes a suelos, contaminados con hidrocarburos","09-V-05-09 
PRÓRROGA","001831
",9/3/2009,9/3/2019,Se MODIFICA la Autorización No. 09-V-05-09  para aplicar el proceso de:     Desorción Térmica a un lado del sitio contaminado.         (Oficio DGGIMAR.710/003564 del 17 de mayo  de 2010) SE MODIFICA para aplicar OTR1 Y  OTR2 (16 ABRIL 2012); SE MODIFICA PARA APLICAR DESO-FS (8 FEB 2013),"LAVS-LS
LAND-S
BVAE-S
EXVA-S
PILA-LS
LAND-LS
OXIQ-LS
DESO-LS
DESO-FS
OTR1-LS
OTR2-LS","OTR1-LS: PRETRATAMIENTO DE SUELOS AFECTADOS DE AGUA SALADA
  OTR2-LS:
 FLUIDIZACION DE HC INTEMPERIZADOS Y SEMI INTEMPERIZADOS A UN LADO DEL SITIO DESO-FS:
 CALLE VENUSTIANO CARRANZA S/N LOC. ANTONIO J. BERMUDEZ, PANUCO, VER"
10,"SEIMSA Servicios Ecológicos Integrales de México, SA de CV","Calle Tijuana No 22 Interior 2  Col. Del Valle,  CP 03100     Del. Benito Juárez, México DF Tel.5523 4754    
5536 2265",9,Ciudad de México,14,Benito Juárez,,"Suelos y materiales semejantes a suelos, contaminados con hidrocarburos",09-V-20-09,"002153
",20/03/2009,20/03/2019,,"OXIQ-LS
LAND-S
LAND-LS
BVAE-S
EXVA-S
PILA-LS",
11,"Grupo Preservare, SA de CV","Calle 5   No   10,  Col Espartaco, Del Coyoacán , CP  04870, México, DF Tel. 5568 7769",9,Ciudad de México,3,Coyoacán,,"Suelos y materiales semejantes a suelos, contaminados con hidrocarburos","09-V-15-09
Prorroga","002151
",20/03/2009,20/03/2019, SE MODIFICA para aplicar OTR 1 Y  OTR 2 (30 ABRIL 2012),"PILA-LS 
LAND-LS  
LAND-S 
BVAE-S
EXVA-S 
OXIQ-LS 
OTR1-LS
OTR2-LS","OTR1-LS: PRETRATAMIENTO DE SUELOS AFECTADOS DE AGUA SALADA                OTR2-LS:
 FLUIDIZACION DE HIDROCARBUROS INTEMPERIZADOS Y SEMI INTEMPERIZADOS A UN LADO DEL SITIO"
12,Grupo Urbis SA de CV,"Calle 5   No   10,  Col Espartaco, Del Coyoacán , CP  04870, México, DF Tel 5568 7769",9,Ciudad de México,3,Coyoacán,,"Suelos y materiales semejantes a suelos, contaminados con hidrocarburos","09-V-14-09
Prorroga","002150
20Mar09",20/03/2009,20/03/2019, SE MODIFICA para aplicar OTR1 Y  OTR2 (30 ABRIL 2012),"LAVS-LS
LAND-S
BVAE-S
EXVA-S
PILA-LS
LAND-LS
OXIQ-LS
OTR1-LS
OTR2-LS","OTR1-LS: PRETRATAMIENTO DE SUELOS AFECTADOS DE AGUA SALADA                 OTR2-LS:
 FLUIDIZACION DE HIDROCARBUROS INTEMPERIZADOS Y SEMI INTEMPERIZADOS A UN LADO DEL SITIO"
13,"Limpieza Integral del Medio Ambiente, 
SA de CV","Silos No 45, C-405, Unidad Habitacional Narciso Mendoza, CP 14390, Del Tlalpan, México, DF Tel. 5673 51 40,  1090 45 03",9,Ciudad de México,12,Tlalpan,,Suelos contaminados con hidrocarburos ,9-V-44-09      ,"005003
",19/06/2009,19/06/2019,,EXVA-S,
14,"ABC Soluciones Corporativas, SA de CV ","Río Bamba No 801, Col Lindavista, CP 07300, Del Gustavo A Madero 
Tel 5754 1482 
Fax 5754 1798 ext 202 ",9,Ciudad de México,5,Gustavo A. Madero,,"Suelos y materiales semejantes a suelos, contaminados con hidrocarburos",9- V-90-09    ,"007664
",7/10/2009,7/10/2019,,"LAND-LS
OXIQ-LS
BVAE-S
EXVA-S
LAND-S
PILA-LS",
15,"Energía y Ecología de México, SA de CV ","Puebla No 183
 Col San Angel
 CP 01000, Del Álvaro Obregón, DF  
Tel   55 54 35 82, 5521 8542
eneryeco@prodigy.net.mx ",9,Ciudad de México,10,Álvaro Obregón,,Suelos contaminados con hidrocarburos,"09- V-57-14
PRÓRROGA",9234,17/10/2014,17/10/2019,,"PILA-LS
OXIQ-LS
BVAE-S 
EXVA-S",
16,"Tecnipetróleos de México, S.A. de C.V. ","Campos Eliseos No. 325-PB 
Col. Polanco 
C.P. 11560, Del. Miguel Hidalgo, México, D.F.  
Tel. 5281 71 28 
tecnipetroleos@hotmail.com
",9,Ciudad de México,16,Miguel Hidalgo,,"Suelos y materiales semejantes a suelos, contaminados con hidrocarburos",9-V-06-10 ,446,27/01/2010,27/01/2020,,LAVS-LS,
17,"Desarrollo Suntentable para el Futuro, S.A. de C.V.","Bóvedas No. 29  
Col. Jardines del Sur 
C.P. 16050, Del. Xochimilco, México, D.F. 
Tel.   5489 0148
direccion@dsfuturo.com
",9,Ciudad de México,13,Xochimilco,,"Suelos y materiales semejantes a suelos, contaminados con hidrocarburos",9-V-08-10 ,618,3/2/2010,3/2/2020,,"LAND-LS
OXIQ-LS
LAND-S
EXVA-S",
18,"Gaan Consultores,  
SA de CV","2da. Cerrada de Jacarandas No. 9 
Col. Sta. Cecilia Tepetlapa,  C.P. 16880 
Del. Xochimilco,  Distrito Federal 
Tel.  5538 40 54
gaanconsultores@yahoo.com.mx 
",9,Ciudad de México,13,Xochimilco,,Suelos contaminados con hidrocarburos,"09- V-03-15 
PRÓRROGA",958,10/2/2015,10/2/2020,,"PILA-LS 
EXVA-S",
19,"Geología y Medio Ambiente, S.A. de C.V. ","Alfredo Robles Domínguez No. 258-1
Col. Vallejo,  Del. Gustavo A. Madero 
C.P. 07870, México, D.F.  
Tel.  5739 1145  
direccion@geolyma.com.mx 
",9,Ciudad de México,5,Gustavo A. Madero,,Suelos contaminados con hidrocarburos; suelos contaminados con ácidos o bases; suelos contaminados con cianuro de sodio,"09-V-05-15
PRÓRROGA",1804,3/3/2015,3/3/2020,,"LAND-S
PILA-S 
EXVA-S 
BVAE-S 
LAND-LS
PILA-LS
OXIQ-LS  
LAVS-LS 
NEUQ-LS 
",
20,"RECON Servicios Ambientales, S. de R.L. de C.V.","Av. Miguel Angel de Quevedo No. 302 C 
Col. Romero de Terreros 
C.P. 04310, Del. Coyoacán, México, D.F. 
Tel. 55273 73 738  
jcb@solacorporation.com 
",9,Ciudad de México,3,Coyoacán,,"Suelos y materiales semejantes a suelos, contaminados con hidrocarburos",9-V-21-10,1605,9/3/2010,9/3/2020,,"LAND-S
PILA-LS
LAND-LS",
21,"CH2M Hill, S. de R.L. de C.V.","Av. Xola  No. 535  Piso 23 
Col. Del Valle 
C.P. 03100, Del. Benito Juárez, Distrito Federal 
Tel.  5999 04 00 
Fax  5999 04 10 
marcos.perez@ch2m.com
",9,Ciudad de México,14,Benito Juárez,,Suelos contaminados con hidrocarburos,09-V-37-10,"7180
0492",31/03/2010,31/03/2020,"Transferencia de autorización de Lockwood Greene de México, S.A. de C.V. a CH2M HILL, S.A. DE C.V.        Oficio DGGIMAR.710/007180      28 sep  2010","PILA-LS
EXVA-S
BVAE-S",
22,"Corporación Hidro Industrial, S.A. de C.V. ","Estenógrafos No. 38
Col. Sifón 
C.P. 09400, Del. Iztapalapa, D. F. 
Tels. 5633 2210 
rmujica@hidroindustrial.com.mx
",9,Ciudad de México,7,Iztapalapa,,Suelos contaminados con hidrocarburos,"09-V-17-15 
PÓRROGA",5224,23/06/2017,22/04/2020,"Se modificó la Autorización 09-V-17-15 PRÓRROGA, mediante oficio DGGIMAR.710/0005224 del 23 de junio de 2017, incluyéndose nos nuevas tecnologías 
OXIQ-LS y PILA-LS","EXVA-S
BVAE-S
LAND-LS
PILA-LS
OXIQ-LS",
23,"Ingenieros Asociados a Favor de la Industria y Ecología, L.F.A.J., S.A. de C.V.","Retorno 2  Av. 482  Mzna. 1 Lote 38
Col. Ex Ejido San Juan de Aragón 1ª. Sección 
C.P. 07940, Del. Gustavo A. Madero, México, D.F.
Tel./Fax  57 66 36 27 
consultoria.aife@gmail.com 
",9,Ciudad de México,5,Gustavo A. Madero,,"Suelos y materiales semejantes a suelos, contaminados con hidrocarburos",9-V-58-10,3233,3/5/2010,3/5/2020,,"PILA-LS
LAND-LS
OXIQ-LS
EXVA-S
DESO-LS","DESO-LS: 
DESORCIÓN TÉRMICA INDIRECTA A UN LADO DEL SITIO"
24,"International Products and Organic Solutions, S.A. de C.V.","Calle 1ª. Norte No. 253 
Col. Isidro Fabela 
C.P. 14030, Del. Tlalpan, D.F. 
Tel. 5605 46 30, 5330 6446 
info@ipos.com.mx
",9,Ciudad de México,12,Tlalpan,,"Suelos y materiales semejantes a suelos, contaminados con hidrocarburos; suelo contaminado con ácidos o bases","09-V-21-15
PRÓRROGA",4338,20/05/2015,20/05/2020,,"PILA-LS
LAND-LS
NEUQ-LS    ",
25,"Territorio y Medio Ambiente, S.A. de C.V.","Puebla No. 151 Desp. 11  Casa “L”, P.B.  
Col. Roma 
C.P. 06700, Del. Cuauhtémoc, Distrito Federal 
Tel.  5208 27 94, 5208 80 95 
tma@infosel.net.mx
",9,Ciudad de México,15,Cuauhtémoc,,"Suelos y materiales semejantes a suelos, contaminados con hidrocarburos",9-V-66-10,3868,24/05/2010,24/05/2020,,"PILA-LS
LAND-LS
BVAE-S",
26,"Constructora de Obra Pública, S.A. de C.V.","Camino al Desierto de los Leones No. 35  P-4 
Col. San Angel Inn 
C.P. 01000, Del. Álvaro Obregón, México, D.F.
Tel.   5481 18 00
Fax   5481 18 86
psanchez@coopsa.com.mx
",9,Ciudad de México,10,Álvaro Obregón ,,"Suelos y materiales semejantes a suelos, contaminados con hidrocarburos",9-V-85-10,5052,2/7/2010,2/7/2020,,LAND-LS,
27,"Befesa México, S. A. de C.V.","Bahía de Santa Bárbara  No. 174
Col. Verónica Anzures, Del. Miguel Hidalgo 
C.P. 11300, México, D.F.  
Tel.  52 62 71 11
Fax  52 62 71 40
befesa@abengoamexico.com.mx
",9,Ciudad de México,16,Miguel Hidalgo,,suelos contaminados con metales pesados (metales y metaloides); suelos contaminados con hidrocarburos,9-V-103-10,7189,28/09/2010,28/09/2020,Se MODIFICA la Autorización No. 9-V-103-10     Oficio DGGIMAR.710/000844 del 1 de febrero de 2012    y oficio DGGIMAR.710/007744 del 26 de octubre de 2012,"SOLI-LS
PILA-LS
LAND-LS
LAVS-LS
BVAE-S
EXVA-S","SOLI-LS: 
PARA METALES PESADOS (Cr VI, As, Be, Cd, Cr, Hg, Ni, Pb, Se, V, Tl)"
28,"Remediaciones, Mantenimiento y Tecnologías en Medio Ambiente REMTE, S.A. de C.V. ","Calle Maestro Rural Mz. 52 Lote 22 Col. Zona Escolar   Del. Gustavo A. Madero C.P. 07230 México, D.F.                 Tel. 5547530380 grupormt@gmail.com",9,Ciudad de México,5,Gustavo A. Madero,,"Suelos y materiales semejantes a suelos, contaminados con hidrocarburos",9-V-114-10  ,7557,14/10/2010,14/10/2020,,"PILA-S
LAND-S
PILA-LS
LAND-LS
OXIQ-LS
BVAE-S
EXVA-S",
29,"Flores y Ríos, S.A. de C.V. 
  ","Ignacio Altamirano 114-201-B, Col. San Rafael 
C.P. 06470, Del. Cuauhtémoc, Distrito Federal  
Tel./Fax  55352331 floresyrios@prodigy.net.mx",9,Ciudad de México,15,Cuauhtémoc,,"Suelos y materiales semejantes a suelos, contaminados con hidrocarburos",9-V-115-10  ,7756,25/10/2010,25/10/2020,,"BVAE-S
EXVA-S
LAVS-LS
LAND-S",
30,"Vidambiente, S.A. de C.V.","Indianápolis No. 7, Col. Nápoles 
C.P. 03810, Del. Benito Juárez, Distrito Federal  
Tel./Fax  5543 52 40, 5543 53 70
t.hernandez@vanruymbeke.com.mx
",9,Ciudad de México,14,Benito Juárez,,"Suelos y materiales semejantes a suelos, contaminados con hidrocarburos","9-V-54-15 
PRÓRROGA
",8110,30/10/2015,30/10/2020,,"PILA-LS
LAND-LS
BVAE-S
EXVA-S
OTR1-LS
OTR2-LS","OTR1-LS: BIORREMEDIACIÓN POR CO-COMPOSTEO A UN LADO DEL SITIO ;
OTR2-LS: 
EXTRACCIÓN DE VAPORES A UN LADO DEL SITIO"
31,"RR Servicios Ecológicos, S.A. de C.V.","Av. Paseos del Pedregal No. 639  
Col. Jardines del Pedregal 
C.P. 01900, Del. Álvaro Obregón, D.F.
Tel.  5568 77 69 y 5568 05 68 
sgarcia@side.com.mx
",9,Ciudad de México,10,Álvaro Obregón,,"Suelos y materiales semejantes a suelos, contaminados con hidrocarburos; suelos contaminados con ácidos o bases",9-V-17-11,1094,21/02/2011,21/02/2021,,"PILA-S
LAND-S
PILA-LS
LAND-LS
OXIQ-LS
NEUQ-LS
LAVS-LS
EXVA-S
DESO-LS
OTR1-LS
OTR2-LS                 ","OTR1-LS: PRETRATAMIENTO DE SUELOS AFECTADOS DE AGUA SALADA   OTR2-LS: 
FLUIDIZACION DE HIDROCARBUROS INTEMPERIZADOS Y SEMI INTEMPERIZADOS A UN LADO DEL SITIO"
32,"Grupo Corporativo Urbis, S. A. de C.V.","Av. Paseos del Pedregal No. 639  
Col. Jardines del Pedregal 
C.P. 01900, Del. Álvaro Obregón, D.F.
Tel.  5568 77 69 y 5568 05 68 
sgarcia@side.com.mx
",9,Ciudad de México,10,Álvaro Obregón,,"Suelos y materiales semejantes a suelos, contaminados con hidrocarburos; suelos contaminados con ácidos o bases",9-V-18-11,1093,21/02/2011,21/02/2021,,"PILA-S
LAND-S
PILA-LS
LAND-LS
OXIQ-LS
NEUQ-LS
LAVS-LS
EXVA-S
DESO-LS
OTR1-LS
OTR2-LS                 ","OTR1-LS: PRETRATAMIENTO DE SUELOS AFECTADOS DE AGUA SALADA               OTR2-LS: 
FLUIDIZACION DE HIDROCARBUROS INTEMPERIZADOS Y SEMI INTEMPERIZADOS A UN LADO DEL SITIO"
33,"ERM México, S.A. de C.V.","Mazatlán No. 96
Col. Condesa 
C.P. 06140, Del. Cuauhtémoc, Distrito Federal 
Tel.  (55) 5000 2500
Fax  (55) 5286 9759
omar.pineda@erm.com
",9,Ciudad de México,15,Cuauhtémoc,,Suelos contaminados con hidrocarburos ,9-V-27-11  ,2647,19/04/2011,19/04/2021,,"LAND-S
LAND-LS
PILA-LS
EXVA-S
BVAE-S",
34,"Geoambiente, S.A. de C.V.","Calle Nueva York No. 310 3er piso 
Col. Nápoles, C.P. 03810
Del. Benito Juárez, Distrito Federal
Tel.   5687 7100, 5687 3666 
Fax.  5536 8785
geoambiente@grupo-sacmag.com.mx
",9,Ciudad de México,14,Benito Juárez,,"Suelos y materiales semejantes a suelos, contaminados con hidrocarburos",9-V-39-11,4094,15/06/2011,15/06/2021,,"PILA-LS
OXIQ-LS
EXVA-S
BVAE-S",
35,"ATS Meridian de México, S.A. de C.V. ","Av. Popocatépetl (Eje 8 Sur) No. 415 Local 1
Col. Santa Cruz Atoyac, Del. Benito Juárez 
C.P. 03310, México, D.F.  
Tel.  5604 64 34
Fax  5601 41 59
atsmeridian@atsmeridian.com.mx
",9,Ciudad de México,14,Benito Juárez ,,Suelos contaminados con hidrocarburos,9-V-60-11,5381,11/8/2011,11/8/2021,,"BVAE-S
EXVA-S",
36,"Biomex Solutions, S.de R.L. de C.V.","Mexicali  No. 14
Col. Hipódromo, Del. Cuauhtémoc 
C.P. 06100, México, D.F.  
Tel./ Fax  85 96 50 76 
jorgefrodriguez@hotmail.com
",9,Ciudad de México,15,Cuauhtémoc ,,Suelos contaminados con hidrocarburos,9-V-61-11,5380,11/8/2011,11/8/2021,,"EXVA-S
BVAE-S
PILA-LS",
37,"Corporación Ambiental de México, S.A. de C.V.","Morena No. 1059 
Col. Narvarte,  C.P. 03020 
Del. Benito Juarez, Distrito Federal 
Tel.:  5538 07 27, Fax:  5538 46 93
gpantoja@cam-mx.com 
",9,Ciudad de México,14,Benito Juárez,,Suelos contaminados con hidrocarburos,"9-V-82-11
MODIFICACIÓN",7974,13/12/2016,18/11/2021,"Se modifica la Autorización No. 9-V-82-11, mediante oficio No. DGGIMAR.710/011038 del 13 de diciembre de 2016.","PILA-LS
EXVA-S","OTR1-S.
Oxidación química in situ bajo la modalidad del uso del persulfato de sodio para la remediación de suelo contaminado con hidrocarburos.
OTR2-S
Reducción química in situ bajo la modalidad del uso de hierro cero valente, arcilla, cemento tipo portland y agua para remediar suelo contaminado con compuestos orgánicos clorados."
38,"Servicios Intersec, S.A. de C.V.","Gobernador García Conde No. 28
Col. San Miguel Chapultepec, C.P. 11850 
Del. Miguel Hidalgo, Distrito Federal 
Tel.  5276 1100 
www.intersec.com.mx 
",9,Ciudad de México,16,Miguel Hidalgo,,"Suelos y materiales semejantes a suelos, contaminados con hidrocarburos",9-V-80-11,8022,18/11/2011,18/11/2021,,"PILA-LS
LAND-LS
OXIQ-LS
LAND-S
BVAE-S
EXVA-S",
39,"GMA Grupo de Construcción Ambiental, S.A. de C.V. ","Rosa Negra No. 153 Int. 3
Col. Molino de Rosas, C.P. 01470 
Del. Álvaro Obregón, Distrito Federal
Tel.  5651 66 99 
gma_ambiental@hotmail.com
",9,Ciudad de México,10,Álvaro Obregón ,,Suelos contaminados con hidrocarburos,09-V-13-12,2237,20/03/2012,20/03/2022,,"PILA-S
LAND-S
PILA-LS
LAND-LS
LAVS-LS
OXIQ-LS
EXVA-S
BVAE-S",
40,"Rosario Iturbe Argüelles 
","Paseo del Río No. 111- 48 
Col. Chimalistac 
C.P.  01070, Del. Álvaro Obregón, México, D.F.
Tel.  5623 3671
Fax  5616 1544
ria@pumas.iingen.unam.mx ",9,Ciudad de México,10,Álvaro Obregón ,,Suelos contaminados con hidrocarburos,09-V-16-12,2917,12/4/2012,12/4/2022,,"LAND-S
PILA-LS
LAND-LS
EXVA-S
BVAE-S",
41,"SISA  Servicios Industriales, S.A. de C.V.","Av. Obrero Mundial  No. 636 
Col.  Atenor Salas 
C.P.  03020,  Del. Benito Juárez, México, D.F.
Tel.  (55) 5440 4585, 5277 9698 
sisaserv@hotmail.com
",9,Ciudad de México,14,Benito Juárez,,"Suelos y materiales semejantes a suelos, contaminados con hidrocarburos",9-V-23-12,3897,24/05/2012,24/05/2022,Se modifica autorización No. 9-V-23-12 mediante oficio DGGIMAR.710/002900  del 7 de abril de 2014 por cambio de domicilio y de representante legal,"LAND-LS
LAND-S
PILA-LS
EXVA-S
BVAE-S
OXIQ-LS",
42,"Descubridora Kugo, S.A. de C.V. ","Diagonal San Antonio No. 1908  
Col. Narvarte 
C.P.  03020,  Del. Benito Juarez, México, D.F.
Tel.  5271 0105
kugosa@prodigy.net.mx
",9,Ciudad de México,14,Benito Juárez ,,"Suelos y materiales semejantes a suelos, contaminados con hidrocarburos",9-V-22-12,3896,24/05/2012,24/05/2022,,"LAND-LS
LAND-S 
PILA-LS
EXVA-S
BVAE-S
OXIQ-LS",
43,"TRG México, S. de R.L. de C.V. ","Canal de Miramontes  No. 1493  Planta Baja
Col. Country Club,   C.P.  04220 
Del. Coyoacán, México,  Distrito Federal  
Tel.   (55) 2621 1597
Fax.  (55) 2621 3930
trgmexico@yahoo.com.mx, oruiz@trgmexico.com.mx
",9,Ciudad de México,3,Coyoacán,,"Suelos y materiales semejantes a suelos, contaminados con hidrocarburos; suelos contaminados con ácidos ",9-V-27-12                 ,4247,1/6/2012,1/6/2022,,"LAND-S
PILA-LS
LAND-LS
NEUQ-LS
LAVS-LS
EXVA-S
BVAE-S                  ",
44,"Sistemas y Tecnología para el Medio Ambiente, S.A. de C.V.","Plan Político Social No. 5-A 
Col. San Lorenzo, C.P. 16018 
Del. Xochimilco, México, D.F. 
Tel. (55) 5678 26 56, 5554 07 60 62 
sistema8@prodigy.net.mx 
",9,Ciudad de México,13,Xochimilco,,Suelos contaminados con hidrocarburos,09-V-20-13,4309,3/6/2013,3/6/2023,,"LAND-LS 
EXVA-S
BVAE-S",
45,"Consultores Ambientales Etapa, S. C","Lázaro Cárdenas No. 820, Piso 3
Col. Portales, C.P. 03300
Del. Benito Juárez, Distrito Federal
Tel. (55) 5096 9551 y 5096 95 54
elechuga@caetapa.com",9,Ciudad de México,14,Benito Juárez,,Suelos contaminados con hidrocarburos,09-V-17-13,5631,22/07/2013,22/07/2023,,PILA-LS,
46,"Reind Química, S. de R.L. de C.V.","Eje 2 Norte Eulalia Guzmán No. 230
Col. Atlampa 
06450 Cuauhtémoc, Ciudad de México
Tel. 50-26-70-00
rrubio@stericycle.com
",9,Ciudad de México,15,Cuauhtémoc,,"Suelos y materiales semejantes a suelos, contaminados con hidrocarburos","27-V-17-14
MODIFICACION",8193,31/08/2016,5/3/2024,"Autorización No. 27-V-17-14 modificada por  DGGIMAR.710/009325 del 23-oct- 2014 para incluir los procesos LAND-FS, OXIQ-FS Y OTR1-FS;
autorización No. 27-V-17-14 modificada por DGGIMAR.710/008193 del 31-ago- 2016 por transferencia de autorización de corporativo INASA a Reind Quimica","OXIQ-LS
LAVS-LS
PILA-LS
LAND-FS
OXIQ-FS
OTR1-FS","OXIQ-FS/LAND-FS/OTR1-FS:
 EN LAS INSTALACIONES  UBICADAS EN  EL KM.  40 DE LA AUTOPISTA REFORMA-DOS BOCAS, RANCHERIA  BENITO JUÁREZ 2DA. SECCIÓN,  JALPA DE MÉNDEZ, TABASCO.  OTR1-LS: PRETRATAMIENTO DE SEPARACION DE FASES (SECADOR VERTICAL-CENTRIFUGADO)"
47,GEOZIMA Ambiental S.A. de C.V.,"Av. Monterrey No. 326 int.3
Col. Roma sur
C.P. 06760 Del. Cuauhtémoc
México, D.F.
tel (55)57500514, 57503517
geoenzima@geoenzima.com",9,Ciudad de México,15,Cuauhtémoc,,"Suelos y materiales semejantes a suelos, contaminados con hidrocarburos",09-V-34-14,4730,4/6/2014,4/6/2024,,"PILA-LS
EXVA-S",
48,Hesari S.C.,"Av. Insurgentes Norte No. 114
Col. Santa María La Ribera,  Del. Cuauhtémoc
C.P. 06400, México, D.F.  
Tel. (55) 5547 1772 
Fax (55) 2630 1409
dirección@hesari.com.mx 
",9,Ciudad de México,15,Cuauhtémoc,,Suelos contaminados con hidrocarburos; suelos contaminados con ácidos o bases; suelos contaminados con cianuro de sodio,09-V-07-15,3859,22/04/2015,22/04/2025,,"LAND-S
PILA-S 
EXVA-S 
BVAE-S 
LAND-LS
PILA-LS
OXIQ-LS  
LAVS-LS 
NEUQ-LS ",
49,"Constructora 21 de Abril, SA de CV ","Francia No 171 Col Florida,  México, D.F.",9,Ciudad de México,10,Álvaro Obregón,"3,300 m3/mes",Lodos aceitosos acumulados en obras e instalaciones de Pemex,9-1-PS-V-05-94,"DGNA 5693
",11/7/1994,Vigencia indefinida,,OTR1-LS,"OTR1-LS:
Precipitación química y separación física de las fases sólida y líquida por centrifugación y filtración"
50,"Constructora y Arrendadora Gandara, SA de CV ","Francia No 171 Col Florida, México, D.F.",9,Ciudad de México,10,Álvaro Obregón,"3,300 m3/mes",Lodos aceitosos acumulados en obras e instalaciones de Pemex,9-1-PS-V-04-94,"DGNA 5691
",11/7/1994,Vigencia indefinida,,OTR1-LS,"OTR1-LS: 
Precipitación química y separación física de las fases sólida y líquida por centrifugación y filtración"
51,"Habilitación Petrolera Integral, SA de CV ","Francia No 171 Col Florida, México, D.F.",9,Ciudad de México,10,Álvaro Obregón,"3,300 m3/mes",Lodos aceitosos acumulados en obras e instalaciones de Pemex,9-1-PS-V-03-94,DGNA 5690,11/7/1994,Vigencia indefinida,,OTR1-LS,"OTR1-LS:
 Precipitación química y separación física de las fases sólida y líquida por centrifugación y filtración"
52,"Ingeniería y Calderas, SA de CV","Francia No 171 Col Florida, México, D.F.",9,Ciudad de México,10,Álvaro Obregón,"3,300 m3/mes",Lodos aceitosos acumulados en obras e instalaciones de Pemex,9-1-PS-V-06-94,5692,11/7/1994,Vigencia indefinida,,OTR1-LS,"OTR1-LS:
 Tratamiento a un lado del sitio por Precipitación química y separación física de las fases sólida y líquida por centrifugación y filtración"
53,"Perfotec, SA, de CV (antes Grupo Perfotec, SA de CV)","Av Pacífico No 468-F Col El Rosedal, México, D.F.",9,Ciudad de México,3,Coyoacán,,Residuos peligrosos originados por la sedimentación de lodos aceitosos y plomizos en tanques de almacenamiento de hidrocarburos líquidos ,9-4-PS-V-07-94,,21/07/1994,Vigencia indefinida,,,No indica proceso de tratamiento
54,"Geo Petrol, SA de CV","Insurgentes Sur No 933 Despacho 203 Col Nápoles, México, D.F.",9,Ciudad de México,14,Benito Juárez,360 ton /mes,Residuos contaminados con hidrocarburos,9-3-PS-V-08-94,"DGNA 7917
",18/08/1994,Vigencia indefinida,,OTR1-LS,"OTR1-LS: 
Reacción química entre dos productos un emulsificante y un silicato con el residuo dando como resultado el encapsulamiento"
55,"International Enviro Service, SA de CV  ","Carlos J Finlay No 6-2° piso Col Cuauhtémoc, México, D.F.",9,Ciudad de México,15,Cuauhtémoc,3500 m3/mes,Sedimentos en tanque de almacenamiento de productos petroleros,9-6-PS-V-10-94,8283,2/9/1994,Vigencia indefinida,,OTR1-LS,"OTR1-LS:
 Tratamiento a un lado del sitio por Precipitación química y separación física de las fases sólida y líquida por centrifugación y filtración"
56,"All Waste Servicios Industriales de Control Ecológico, SA de CV","Edgar Allan Poe No 85 Col Polanco   México, D.F.",9,Ciudad de México,16,Miguel Hidalgo,"3,000 m3/mes",Sedimentos de tanques de almacenamiento de productos petroleros y petrolíferos,9-11-PS-V-09-94,DGNA 8291 ,5/9/1994,Vigencia indefinida,,OTR1-LS,"OTR1-LS:
Procesos de precipitación química y separación física de las fases sólida y líquida por centrifugación y filtración, asi como estabilización-solidificación utilizando cemento como material encapsulante"
57,"Corporación Mexicana de Investigación en Materiales, S.A. de C.V.","Ciencia y Tecnología No. 790 
Fracc. Saltillo 400
C.P. 25290, Saltillo, Coahuila
Tel. (844)411 32 00
jareyesd@comimsa.com.mx
",5,Coahuila,30,Saltillo,,"Suelos y materiales semejantes a suelos, contaminados con hidrocarburos","05-V-22-15 
PRÓRROGA
",4509,22/05/2015,22/05/2020,,"BVAE-S
EXVA-S
LAND-S
PILA-LS
LAND-LS",
58,"GCORP, S.A. de C.V.","Real de la Rioja No. 204 
Col. Los Reales
C.P. 25290, Saltillo, Coahuila 
Tel.  01(844) 485 6000 
jgerez@gcorpmexico.com
",5,Coahuila,30,Saltillo,,"Suelos y materiales semejantes a suelos, contaminados con hidrocarburos",5-V-68-11,6029,5/9/2011,5/9/2021,,"LAND-S
PILA-LS
LAND-LS
OXIQ-LS
BVAE-S
EXVA-S
LAVS-LS",
59,"Ecototal, S. A. de C.V.","Carretera Antigua a Arteaga Km. 8.5 
El Llano 
C.P. 25310, Arteaga, Coahuila
Tel. 01(844) 450 13 00 
jcd2009@live.com.mx
",5,Coahuila,4,Arteaga,,"Suelos y materiales semejantes a suelos, contaminados con hidrocarburos; Suelos y materiales semejantes a suelos, contaminados con ácidos o bases", 5-V-41-14,5652,30/06/2014,30/06/2024,Cuenta con otra autorización (5-V-68-10) con inicio de vigencia del 01/07/2010 y término el 01/07/2020,"LAND-S
BVAE-S
EXVA-S
LAND-LS
OXIQ-LS
NEUQ-LS
LAVS-LS
OTR1-LS
LAND-FS
OXIQ-FS
LAVS-FS
NEUQ-FS
OTR2-FS
OTR3-FS","OTR1-LS: CENTRIFUGACION A UN LADO DEL SITIO
OTR1-FS: CENTRIFUGACION FUERA DEL SITIO
OTR3-FS: PRETRATAMIENTO DE SUELOS CON AGUA CONGÉNITA"
60,José Fernando Martel Valles,"Blvd. José María Morelos y Pavón No. 2151
Col. José María Morelos
C.P. 25017 Saltillo, Coahuila
tel. (844) 159 1178
josefernandomartelvalles@yahoo.com.mx",5,Coahuila,30,Saltillo,,Suelos contaminados con hidrocarburos,5-V-74-14,11583,19/12/2014,19/12/2024,,PILA-LS,
61,"Tecnología Ambiental Especiaizada, S.A. de C.V.","Matamoros  No. 510
Colonia Centro  C.P.25700
Monclova, Coahuila
Tel. 01(866) 633 9140, 633 9364
crueda@cimari.com.mx
",5,Coahuila,18,Monclova,,"Suelos y materiales semejantes a suelos, contaminados con hidrocarburos",05-V-48-15,7275,25/09/2015,25/09/2025,,"BVAE-S
EXVA-S
PILA-LS
LAND-LS
OXIQ-LS  ",
62,"Consorcio Ghes Industrial, SA de CV","Calle Del Valle No 371 Col Ampliación Magisterio Saltillo, Coah.",5,Coahuila,30,Saltillo,400 Ton /mes,"Sedimentos de lodos en tanques de almacenamiento de hidrocarburos líquidos, lavado de recortes de perforación, y la detección y control de monitoreo de suelos contaminados con hidrocarburos ",5-30-PS-V-01-93,"DGNA 11546
",9/12/1993,Vigencia indefinida,"DGNA 10805
25 NOV 1994",OTR1-S,"OTR1-S :
Tratamiento in situ .No indica proceso de tratamiento"
63,"Soluciones y Productos Ambientales, SA de CV","Hacienda Buenavista No. 112 Int. 303 Col. Hacienda del Parque, CP. 54769 Cuautitlán Izcalli, Mex. Tel 1106 2399    ambientales@prodigy.net.mx",15,Estado de México,121,Cuautitlán Izcalli,"1,500,000",Suelos contaminados con hidrocarburos,9-V-29-17,5986,21/07/2017,21/07/2022,,"PILA-LS 
LAND-LS
BVAE-S
EXVA-S",
64,"IUXTA Corporation, SA de CV","Madin 44 Fuentes de Satélite    CP 52998, Atizapan de Zaragoza, Edo de Mex      Tel (044181) 8287 1408,               (55) 5344 4076",15,Estado de México,13,Atizapán de Zaragoza,"2,190,000",Suelos contaminados con hidrocarburos ,15-V-29-08        ,"003924
",5/6/2008,5/6/2018,,OXIQ-LS    ,
65,"Servicios Ambientales y Construcción en General, SA de CV","Abundio Gómez No 5, Col Ahuizotla   CP 53378, Naucalpan, Edo de Mex      Tel/Fax 555756 9380",15,Estado de México,13,Naucalpan de Juárez,"1,500,000",Suelos contaminados con hidrocarburos ,15-V-39-08        ,"004947
",14/07/2008,14/07/2018,Se modificó autorización      Oficio DGGIMAR.710/005250 del 13 de julio de 2012,"LAND-LS
PILA-LS
BVAE-S
EXVA-S
OXIQ-LS",
66,"Arquitectura del Medio Ambiente, SA de CV","Privada de Violeta No 10, Col Adolfo López Mateos    CP 54070, Tlalnepantla, Edo de Mex. 
Tel 5365 7149,  5365 7153     Fax 5397 2795",15,Estado de México,104,Tlalnepantla de Baz,"1,000,000",Suelos contaminados con hidrocarburos ,15-V-40-08        PRORROGA    ,5223,22/07/2008,22/07/2018,,"LAND-LS
BVAE-S
EXVA-S",
67,"Química Apollo, SA de CV","Blvd Miguel Aleman Valdez No 206, Col Parque Industrial Exportec II, CP 50200 Toluca, Edo de México 
Tel. 01 (722) 279 1400 
ecologia@quimica-apollo.com.mx",15,Estado de México,106,Toluca,,"Suelos y materiales semejantes a suelos, contaminados con hidrocarburos",15-V-27-13         PRORROGA,"008586
",25/10/2013,25/10/2018,Se modifica la autorización No. 15-V-27-13 mediante oficio  DGGIMAR.710/001336 del 18 de febrero de 2016 para incluir el proceso EXVA-S," LAND-LS 
 LAVS-LS 
 OXIQ-LS
 PILA-LS 
 LAND-S 
 BVAE-S 
EXVA-S             ",
68,"Quiesma Ingeniería Bioquímica para el Medio Ambiente, S.A. de  C.V.","Cerro de la Campana No. 97 Col. Jorge Jiménez Cantú CP 54190, Tlanepantla de Baz, Mex.  Tel 5829 0682",15,Estado de México,104,Tlalnepantla de Baz,"3,500,000",Suelos contaminados con hidroacrburos ,09-V-69-08,"008629
27Nov08",27/11/2008,27/11/2018,Se modificó la Autorización No. 9-V-69-08            Oficio No. DGGIMAR.710/002753 del 9 de abril de 2012 ,"PILA-LS
LAND-LS
OXIQ-LS
LAVS-LS
LAND-S
EXVA-S
BVAE-S",
69,"Residuos Industriales Multiquim, SA de CV","Carlos B Zetina No 401-D Fracc Industrial San Pedro Xalostoc CP 55348, Ecatepec Edo De México Tel.  5746 9350   5746 9473",15,Estado de México,33,Ecatepec de Morelos,,"Suelos y materiales semejantes a suelos, contaminados con hidrocarburos; suelos contaminados con ácidos o bases",19-V-38-14         PRORROGA,"004639
",3/6/2014,3/6/2019,,"PILA-S
LAND-S
PILA-LS
LAND-LS
NEUQ-LS
OXIQ-LS
EXVA-S
BVAE-S ",
70,"Protección al Medio Ambiente y Seguridad Privada Aplicada, S.A. de C.V.  ","Abundio Gómez  No. 7 
Col. Granjas Valle de Guadalupe 
C.P. 55270, Ecatepec, Estado de México 
Tel.  5095 99 98
fsoriano@promasamexico.com.mx
",15,Estado de México,33,Ecatepec de Morelos,,"Suelos y materiales semejantes a suelos, contaminados con hidrocarburos",15-V-67-11,6030,5/9/2011,5/9/2021,,"LAND-S
PILA-LS
LAND-LS
OXIQ-LS
BVAE-S
EXVA-S
LAVS-LS",
71,"Construcciones Ambientales del Golfo CAGSA, S.A. de C.V. ","Calle Motolinía 302 
Col.  Cazones 
Poza Rica de Hidalgo, C.P. 93230
Veracruz.
Tel./Fax  (782) 822 9783
cagsaconstruccionesambientales@gmail.com
",15,Estado de México,106,Toluca,,"Suelos y materiales semejantes a suelos, contaminados con hidrocarburos; suelos contaminados con ácidos o bases",15-V-14-12,2399,26/03/2012,26/03/2022,,"LAND-S
PILA-LS
LAND-LS
OXIQ-LS
NEUQ-LS
LAVS-LS
EXVA-S
BVAE-S",
72,"Grupo Roge Impulsora, S.A. de C.V. ","Calle Tabachines  Lote 18,  Mzna. 8  No. 82  
Col.  Campestre del Lago 
C.P.  54766,  Cuautitlán, Izcalli, Estado de México 
Tel.  5819 5922 
correspondencia-roge@telmexmail.com 
",15,Estado de México,121,Cuautitlán Izcalli,,"Suelos y materiales semejantes a suelos, contaminados con hidrocarburos",15-V-24-12,3895,24/05/2012,24/05/2022,,"OTR1-LS
OXIQ-LS
LAND-S
LAND-LS
LAVS-LS
EXVA-S
BVAE-S",OTR1-LS: PRETRATAMIENTO DE SUELOS AFECTADOS DE AGUA SALADA
73,"PRUHESA México, S.A. de C.V. ","Ponciano Arriaga No. 10-D 
Col. Leandro Valle, C.P.  54040 
Tlalnepantla, Estado de México
Tel.  (55) 5365-4132
miguelcruz@pruhesa.com
",15,Estado de México,104,Tlalnepantla de Baz,,"Suelos y materiales semejantes a suelos, contaminados con hidrocarburos",15-V-35-12               ,5691,6/8/2012,6/8/2022,,"PILA-S
PILA-LS
LAND-S
LAND-LS
OXIQ-LS
EXVA-S
BVAE-S",
74,"Tecnologías Ambientales Alemanas, S.A. de C.V. ","Av. Juárez No. 40 - 208 
Ex Hacienda de Santa Mónica  C.P.  54050
Tlalnepantla,  Estado de México   
Tel.  (55) 1106-2590
zutmex@prodigy.net.mx
",15,Estado de México,104,Tlalnepantla de Baz,,"Suelos y materiales semejantes a suelos, contaminados con hidrocarburos",15-V-41-12,6505,31/08/2012,31/08/2022,"Se modifica la autorización 15-V-41-12 para incluir los procesos BVAE-S, OXIQ-LS, OTR1-LS","PILA-LS
LAND-LS
LAVS-LS
EXVA-S
BVAE-S
OXIQ-LS
OTR1-LS",OTR1-LS: PRETRATAMIENTO DE SUELOS AFECTADOS DE AGUA SALADA
75,"Zublin Ambiental, S.A. de C.V.","Av. Juárez No. 40 - 208 
Ex Hacienda de Santa Mónica  C.P.  54050
Tlalnepantla,  Estado de México   
Tel.  (55) 1106-2590
zutmex@prodigy.net.mx
",15,Estado de México,104,Tlalnepantla de Baz,,"Suelos y materiales semejantes a suelos, contaminados con hidrocarburos",15-V-03-13,732,29/01/2013,29/01/2023, DGGIMAR.710/008937 del 11 de noviembre de 2013,"PILA-LS
EXVA-S
LAVS-LS
OXIQ-LS
BVAE-S
LAND-LS
OTR1-LS",OTR1-LS: PRETRATAMIENTO DE SUELOS AFECTADOS DE AGUA SALADA
76,"Enviromental Services MIVIPEF, S.A de C.V.","Calle Oaxaca No. 22
Col Juarez Pantitlan
C.P. 57460, Cd. Nezahualcóyotl, Estado de México
Tel. (55) 39557255
monterrubiojm@yahoo.com",15,Estado de México,58,Nezahualcóyotl,,"Suelos y materiales semejantes a suelos, contaminados con hidrocarburos",15-V-15-13,5627,22/07/2013,22/07/2023,,"PILA-LS
OXIQ-LS
EXVA-S
BVAE-S",
77,"Biocarbonos Treol México, S.A de C.V.","Calle Cristina Ocádiz No. 506
Col. La Magdalena
C.P. 50010, Toluca, Estado de México
Tel. 5522358254
monterrubiojm@yahoo.com",15,Estado de México,106,Toluca,,"Suelos y materiales semejantes a suelos, contaminados con hidrocarburos",15-V-21-13,5634,22/07/2013,22/07/2023,,"PILA-LS
LAND-LS
OXIQ-LS
EXVA-S
BVAE-S
",
78,"Consultoría, Suministros, Construcciones y Mantenimientos FEB S.A. de C.V.","Calle Aurelio Venegas No. 101 Sur
Col. San Bernardino
C.P. 50080, Toluca, Estado de México
tel. (784) 842 0984  y (722) 440 9254
consufebsa@gmail.com",15,Estado de México,106,Toluca,,"Suelos y materiales semejantes a suelos, contaminados con hidrocarburos",15-V-10-14,1751,4/3/2014,4/3/2024,,"OXIQ-LS
LAND-LS",
79,"IAEPSA, S.A. de C.V.","Fernando Zárraga No. 61
Cd. Satélite
C.P. 53100 Naucalpan, Estado de México
Tel. 553743646
iaepa2@eninfinitum.com",15,Estado de México,57,Naucalpan de Juárez,,"Suelos y materiales semejantes a suelos, contaminados con hidrocarburos",15-V-68-14,10712,4/12/2014,4/12/2024,,"PILA-LS
LAND-LS
OXIQ-LS
NEUQ-LS
LAVS-LS
LAND-S
BVAE-S
EXVA-S
",
80,"Ecoterra Servicios Ambientales, S.A. de C.V.","Av. Presidente Juárez No. 2004 
Col. Industrial Puente de Vigas   C.P. 54070
Tlalnepantla de Baz, Estado de México.  
Tel; (55) 5341 1891 
epa.dorantes1@gmail.com
",15,Estado de México,104,Tlalnepantla de Baz,,"Suelos y materiales semejantes a suelos, contaminados con hidrocarburos",15-V-14-15,3642,15/04/2015,15/04/2025,," EXVA-S 
PILA-LS
OXIQ-LS  
",
81,Contacto Estratégico-Ambiental S.A. de C.V.,"Calle Colina No. 5
Col. Lomas de Bellavista,  C.P. 52994  
Atizapán de Zaragoza, Estado de México  
Tel. (55) 53937744 
fagoagawiff@gmail.com
",15,Estado de México,13,Atizapán de Zaragoza,,Suelos contaminados con hidrocarburos; suelos contaminados con ácidos o bases; suelos contaminados con cianuro de sodio; hidrocarburos intemperizados,15-V-09-15,3858,22/04/2015,22/04/2025,,"LAND-S
PILA-S 
EXVA-S 
BVAE-S 
LAND-LS
PILA-LS
OXIQ-LS  
LAVS-LS 
NEUQ-LS
OTR1-LS","OTR1-LS:
Fluidización de hidrocarburos intemperizados y semi-intemperizados a un lado del sitio"
82,"ROLCAT, S.A. de C.V.","Prol. Crisantemo y Alelhí
Mza.5 L-2, Edif.-A, Depto.104
Col. Colinas de Ecatepec  C.P. 55030
Ecatepec de Morelos, México
Tel. (55) 51166802
rolcat@telmexmail.com 
",15,Estado de México,33,Ecatepec de Morelos,,"Suelos y materiales semejantes a suelos, contaminados con hidrocarburos",15-V-24-15,4507,22/05/2015,22/05/2025,,"LAND-S
LAND-LS
OXIQ-LS
LAVS-LS
OTR1-LS
",OTR1-LS: PRETRATAMIENTO DE SUELOS AFECTADOS DE AGUA SALADA
83,Competitividad Ambiental S.A. de C.V.,"Tepetlacalco  No. 104
Colonia Nueva Ixtacala 
54160 Tlalnepantla, Estado de México 
Tel. (55) 536-806-08
compambiental@prodigy.net.mx
",15,Estado de México,104,Tlalnepantla de Baz,,"Suelos y materiales semejantes a suelos, contaminados con hidrocarburos",15-V-64-15,9747,17/12/2015,17/12/2025,,"BVAE-S
EXVA-S
PILA-LS
LAND-LS
OXIQ-LS 
",
84,"Constructora Americana Continental, SA de CV ","Viveros de Asis No 30-B Col Viveros La Roma , Tlanepantla, Mex.",15,Estado de México,104,Tlalnepantla de Baz,"20,000 m3/mes","Lodos plomizos y aceitosos originados por la sedimentación en tanques de almacenamiento de productos petroleros, separadores API, tierras contaminadas con derrames de hidrocarburos líquidos y recortes de perforación",15-104-PS-V-10-94,"DGNA 0328
",7/2/1995,Vigencia indefinida,,OTR1-LS,"OTR1-LS :
Procesos fisico- químicos a base de precipitación química y separación física de las fases sólida y líquida por centrifugación y filtración"
85,"Hesca Ingeniería Ambiental, SA de CV","Av Las Lomas No 715. 
Col Las Reynas,  CP 36720, Salamanca, Guanajuato 
Tel  01(464) 64 11721  
Fax  01(464) 64 11621                ",11,Guanajuato,27,Salamanca,,"Suelos y materiales semejantes a suelos, contaminados con hidrocarburos; Suelos contaminados con ácidos o bases",11-V-107-09    ,"008989
",30/11/2009,30/11/2019,Se modifica la autorización No. 11-V-107-09 mediante oficio DGGIMAR.710/000782  del 6 de febrero de 2014 para incluir el prOceso NEUQ-LS,"LAND-S
LAND-LS
OXIQ-LS
NEUQ-LS
LAVS-LS
OTR1-LS",OTR1-LS: CENTRIFUGACIÓN A UN LADO DEL SITIO
86,"Geoenvironmental Services, S.A. de C.V.","Pánuco No. 308 
Col. Bellavista, C.P. 36730 
Salamanca, Guanajuato
Tel.  01(464) 648 08 35",11,Guanajuato,27,Salamanca,,"Suelos y materiales semejantes a suelos, contaminados con hidrocarburos",11-V-05-12,987,3/2/2012,3/2/2022,"       DGGIMAR.710/001812 del 28 de febrero de 2013
 DGGIMAR.710/008936 del 11 de noviembre de 2013
","PILA-LS
LAND-LS
LAVS-LS
EXVA-S
OXIQ-LS
OTR1-LS",OTR1-LS: PRETRATAMIENTO DE SUELOS AFECTADOS DE AGUA SALADA
87,"Respuesta Integral a Emergencias Ambientales, S.A. de C.V.","Hacienda San Nicolás de los Agustinos  No. 39 
Col. Las Teresas  C.P. 36251
Guanajuato, Guanajuato  
Tel:  (473) 7331 341 
epa.dorantes1@gmail.com 
",11,Guanajuato,15,Guanajuato,,"Suelos y materiales semejantes a suelos, contaminados con hidrocarburos",11-V-13-15,3857,22/04/2015,22/04/2025,,"EXVA-S 
PILA-LS
OXIQ-LS  
",
88,"Respuesta Tecnológica, SA de CV ","General Felipe Ángeles No 401-C, Col Periodistas, CP42060, Pachuca, Hidalgo Tel 01(771) 71 858 63 
Fax 01(771) 71 858 54",13,Hidalgo,48,Pachuca de Soto,,"Suelos y materiales semejantes a suelos, contaminados con hidrocarburos",13- V-92-09    ,"008112
",22/10/2009,22/10/2019,Se MODIFICA la Autorización No. 13-V-92-09           Oficio DGGIMAR.710/004233 del  21 de junio  de 2011,"LAND-LS
LAND-S
BVAE-S
EXVA-S
PILA-LS
OXIQ-LS    ",
89,"Germen, SA de CV","Av. Inglaterra No. 3416
Col. Vallarta San Jorge 
44690 Guadalajara, Jalisco
Tel. 01-(33)-36-20-85-59
germen@prodigy.net.mx
",14,Jalisco,39,Guadalajara,"975,000","Suelos y materiales semejantes a suelos, contaminados con hidrocarburos; suelos contaminados con ácidos o bases","22-V-61-08
MODIFICACIÓN","005002
19Jun09",27/10/2008,27/10/2018,,"BVAE-S
EXVA-S
LAND-LS
NEUQ-LS","NEUQ-LS: 
PARA ACIDOS, BASES Y AMONIACO"
90,"Ecología 2000, 
SA de CV","Privada Herreros San Felipe No 45, Col Vasco de Quiroga, CP 58230, Morelia, Mich  
Tel 01 (443) 324 21 05,  324 20 81  
Fax: 01(443) 315 59 56",16,Michoacán de Ocampo,53,Morelia,"19,500",Suelos contaminados con hidrocarburos; suelos contaminados con  ácidos o  bases,16-V-20-08        PRORROGA,"002935
",24/04/2008,24/04/2018,Se modificó la Autorización No. 16-V-20-08        PRORROGA     Oficio No. DGGIMAR.710/001522 del 24 de febrero de 2012 ,"LAND-LS
LAND-S
NEUQ-LS
BVAE-S",
91,ALSH ESADEMEX S.A.  de C.V. ,"Calle. José Rubén Romero No. 50 Int. 3/4
Col. Bosques Camelinas 
58290 Morelia, Michoacán
Tel. 01-(443)-27-50-277
gerencia@esademex.mx
",16,Michoacán de Ocampo,53,Morelia,,Suelos contaminados con hidrocarburos; suelo contaminado con ácidos ,"16-V-43-10
MODIFICACIÓN  ",2996,22/04/2010,22/04/2020,Se modificó la razon social el 9 de ago 2016 con oficio DGGIMAR.710/ 007527. Antes se llamaba Ana Lilia Sánchez Hernández,"LAND-LS
BVAE-S
NEUQ-LS",
92,"CCS Energy & Environment SAPI de CV
","Batallón de San Patricio No 109-404, Col Valle Oriente, Garza García, N.L. Tel 01 (81) 8221 2406",19,Nuevo León,19,San Pedro Garza García,"2,700,000","Suelos y materiales semejantes a suelos, contaminados con hidrocarburos",19-V-03-08,280,18/01/2008,18/01/2018,,"PILA-LS
OXIQ-LS",NO PRESENTÓ PROTOCOLO DE PRUEBAS PARA EL TRATAMIENTO DE SOLVENTES CLORADOS Y METALES PESADOS
93,"Servicios Petroleros ZAS, SA de CV","Av. Lázaro Cárdenas No. 4320 Local 24 y 25
C.P. 64930, Col. Las Torres, 1er Sector 
Monterrey, N.L.
Tels. 01(81)8103 6712 
",19,Nuevo León,39,Monterrey,"2,100,000",Suelos contaminados con hidrocarburos ,28-V-22-08        ,2730,3/6/2008,3/6/2018,Se modificó autorización por cambio de domicilio      Oficio DGGIMAR.710/002730 del 20 de abril de 2011,"LAND-LS
LAND-S
OXIQ-LS",
94,"PROESA Proyectos y Estudios Ambientales, SA de CV","General Treviño No 526 Col Centro, San Nicolas CP 66400, San Nicolas de Los Garza, Nuevo León . 
Tel  (81) 833 08745",19,Nuevo León,46,San Nicolás de los Garza,"400,000",Suelos contaminados con hidrocarburos ,19-V-41-08        ,"005221
",22/07/2008,22/07/2018,,"LAND-LS
BVAE-S
EXVA-S",
95,"Isali, SA de CV","Calle León Guzmán oriente 
No 1308-B Col Nuevo Repueblo CP 64700, Monterrey, Nuevo León 
Tel 01(81)81907518, 81907692, 81908558",19,Nuevo León,39,Monterrey,,Suelos contaminados con hidrocarburos,19-V-57-09,5172,29/06/2009,29/06/2019,"Autorización No. 19-V-57-09 modificada por  DGGIMAR.710/0003752 del 12-mayo-2017 para incluir los procesos EXVA-S, BVAE-S, PILA-LS, OXIQ-LS y NEUQ-LS","LAND-S
LAND-LS     ",
96,"Quimo Tech de México, SA de CV","Río Támesi 2205 Altos Fracc Bernardo Reyes
CP 64280, Monterrey, NL Tel/Fax  01(81) 83 70 36,  8371 7189                   ",19,Nuevo León,39,Monterrey,,Suelos contaminados con hidrocarburos,19-V-116-09    ,"009769
",21/12/2009,21/12/2019,,"LAVS-LS
OXIQ-LS
BVAE-S",
97,"Ecodomos, S. de R.L. de C.V.","José Benítez No. 651 
Col. Obispado 
C.P. 64060, Monterrey, Nuevo León 
Tel. 01(81) 1158 5525 
jcd2009@live.com.mx 
",19,Nuevo León,39,Monterrey,,"Suelos y materiales semejantes a suelos, contaminados con hidrocarburos; Suelos y materiales semejantes a suelos, contaminados con ácidos o bases",19-V-69-10,5008,1/7/2010,1/7/2020,,"LAND-S
BVAE-S
EXVA-S
LAND-LS
OXIQ-LS
NEUQ-LS
LAVS-LS
OTR1-LS",OTR1-LS: CENTRIFUGACION A UN LADO DEL SITIO
98,"Integrated Environmental Management Services, S.A. de C.V.","Matamoros 1443 Pte. 
Col. María Luisa 
C.P. 64040, Monterrey, Nuevo León 
Tel.  01(81) 80 47 64 64 
francisco.alfaro@iemsamericas.com 
",19,Nuevo León,39,Monterrey ,,"Suelos y materiales semejantes a suelos, contaminados con hidrocarburos","19-V-63-15 
PRÓRROGA
",9748,17/12/2015,17/12/2020,,"LAND-LS
PILA-LS",
99,"Safe Technologies, S.A. de C.V. ","Calle Del Provincial No. 601
Colonia Villa de San Miguel, 
C.P. 67110 Guadalupe, Nuevo León.
Tel. (81) 81401068
salomon59@prodigy.net.mx
",19,Nuevo León,26,Guadalupe,,"Suelos y materiales semejantes a suelos, contaminados con hidrocarburos","19-V-11-16 
PRÓRROGA",1338,18/02/2016,18/02/2021,,"EXVA-S
OXIQ-LS
LAND-LS 
PILA-LS      ",
100,"Ecosistemas y Servicios Sustentables, S.A. de C.V.","Av. Lázaro Cárdenas  No. 4316  Int. L-29
Col. Las Torres, 
C.P. 64930, Monterrey, Nuevo León 
Tel.  (81) 8349 49 64 
Fax  (55) 8349 49 74 
albertotrevi@gmail.com
",19,Nuevo León,39,Monterrey,,Suelos contaminados con hidrocarburos ,19-V-34-11,3481,23/05/2011,23/05/2021,,"PILA-S
PILA-LS
BVAE-S
EXVA-S
LAVS-LS",
101,"Servicios Petroleros  VATAZA, S.A. de C.V.","Calle José Vasconcelos No. 210, 4 piso 
Col. Residencial San Agustín 
C.P. 66260, San Pedro Garza García, Nuevo León 
Tel. 01(81) 8103-6712 
felipe.felipe1@hotmail.com
",19,Nuevo León,39,Monterrey ,,"Suelos y materiales semejantes a suelos, contaminados con hidrocarburos",19-V-37-12               ,5698,6/8/2012,6/8/2022,,"OXIQ-LS
PILA-LS
EXVA-S
LAND-LS",
102,"Procesos Ambientales  VATAZA, S.A. de C.V. ","Av. José Vasconcelos No. 210 Oriente, 4° Piso
C.P. 66260, Col. Fraccionamiento Residencial San Agustín 
San Pedro Garza García, Nuevo León
Tels. 01(81) 8103 6712
felipe.felipe1@hotmail.com
",19,Nuevo León,19,San Pedro Garza García,,"Suelos y materiales semejantes a suelos, contaminados con hidrocarburos",19-V-04-13,1363,15/02/2013,15/02/2023,,"OXIQ-LS
PILA-LS
EXVA-S
LAND-LS",
103,Técnica de Remediaciones Ambientales Sistemáticas y Avanzadas S.A. de C.V.,"Calle Hidalgo Poniente No. 1400
Col. Padilla 
C.P. 67450, Cadereyta Jiménez, Nuevo León 
Tel. 01(55) 3955 7255 
monterrubiojm@yahoo.com
",19,Nuevo León,9,Cadereyta Jiménez,,"Suelos y materiales semejantes a suelos, contaminados con hidrocarburos",19-V-14-13,5628,22/07/2013,22/07/2023,,"PILA-LS
LAND-LS
OXIQ-LS
EXVA-S
BVAE-S
",
104,"Grupo PRIF, S.A.  de C.V.","Av. José Vasconcelos 
No. Ext. 398 No. Int. 2
Col. Jerónimo Siller C.P. 66250
San Pedro Garza García, Nuevo León
Tel. 01(81) 2091 0690
ventas@grupoprif.com.mx
",19,Nuevo León,19,San Pedro Garza García,,"Suelos y materiales semejantes a suelos, contaminados con hidrocarburos; suelos contaminados con ácidos o bases",19-V-19-15,4339,20/05/2015,20/05/2025,,"LAND-S
BVAE-S
EXVA-S
PILA-LS
LAND-LS
OXIQ-LS
NEUQ-LS
LAVS-LS
",
105,Servicios y Transportes Ragar S.A. de C.V.,"Hacienda Chihuahua No. 109
Colonia Fidel Velázquez  
67484 Cadereyta Jiménez, Nuevo León.
Tel. 01(828) 698441
juridico_laboral@forsis.com.mx
",19,Nuevo León,9,Cadereyta Jiménez,,"Suelos y materiales semejantes a suelos, contaminados con hidrocarburos",19-V-06-16,747,3/2/2016,3/2/2026,,"LAND-S
LAND-LS
OXIQ-LS 
",
106,"Constructora y Perforadora Azteca, SA de CV","Río Verde No 109, Col Miravalle  Monterrey, N.L.",19,Nuevo León,39,Monterrey,"4,000 m3/mes",Lodos de perforación contaminados con hidrocarburos y restauración de áreas superficiales contaminadas con hidrocarburos,19-39-PS-IV-13-95,DGNA 1534,6/4/1995,Vigencia indefinida,,, Tratamiento in situ .No indica proceso de tratamiento
107,"Sistemas y Tratamientos de Tabasco, S.A. de C.V.","Carretera Federal Puebla-Tlaxcala No. 5052 
San Jerónimo, Caleras 
C.P. 72100, Puebla, Puebla 
Tel. 01(222) 2683232  
cobback@hotmail.com
",21,Puebla,114,Puebla ,,"Suelos y materiales semejantes a suelos, contaminados con hidrocarburos",21-V-15-10,1302,1/3/2010,1/3/2020,,"PILA-LS
LAND-LS",
108,"Desarrollos Metropolitanos Ipanema, S.A. de C.V.","Carretera Federal Puebla-Tlaxcala No. 5052 
San Jerónimo, Caleras 
C.P. 72100, Puebla, Puebla 
Tel. 01(222) 2683232  
cobback@hotmail.com
",21,Puebla,114,Puebla ,,"Suelos y materiales semejantes a suelos, contaminados con hidrocarburos",21-V-18-10 ,1300,1/3/2010,1/3/2020,,"PILA-LS
LAND-LS",
109,"Desarrollos Urbanos del Sureste, S.A. de C.V.","Carretera Federal Puebla-Tlaxcala No. 5052 
San Jerónimo, Caleras 
C.P. 72100, Puebla, Puebla 
Tel. 01(222) 2683232  
cobback@hotmail.com
",21,Puebla,114,Puebla ,,"Suelos y materiales semejantes a suelos, contaminados con hidrocarburos",21-V-19-10 ,1301,1/3/2010,1/3/2020,,"PILA-LS
LAND-LS",
110,"Verde y Azul Tecnología, S.A. de C.V.","Juan Pablo II  No. 1418 
Fracc. Las Animas,  C.P. 74160 
Huejotzingo, Puebla 
Tel.  01(227) 276 6961 
jmonroy@vyatec.com
",21,Puebla,74,Huejotzingo,,"Suelos y materiales semejantes a suelos, contaminados con hidrocarburos",21-V-11-12,1776,5/3/2012,5/3/2022,,"PILA-LS
LAND-S
EXVA-S
BVAE-S",
111,"RAD Empresarial, S.A. de C.V.","Calle Atzacoalco No. 224-B
Fraccionamiento El Pilar, C.P. 72760
San Pedro Cholula, Puebla
Tel. 01(222) 225 54 34
",21,Puebla,140,San Pedro Cholula,,"Suelos y materiales semejantes a suelos, contaminados con hidrocarburos",21-V-08-13,2281,14/03/2013,14/03/2023,,"PILA-LS
OXIQ-LS
LAVS-LS",
112,"Construcciones y Soluciones Ambientales MADEISA, S.A. de C.V.","Lateral Sur Recta a Cholula No. 23-1B 
Col. Santa Cruz Buenavista 
C.P. 72150, Puebla, Puebla
Tel. 01(222)  274 4416 
madeisa@prodigy.net.mx",21,Puebla,114,Puebla,,"Suelos y materiales semejantes a suelos, contaminados con hidrocarburos",21-V-53-14 ,8182,12/9/2014,12/9/2024,,"PILA-LS
OXIQ-LS
LAVS-LS
EXVA-S
BVAE-S
",
113,Proyectos Ambientales Integrales S.C.,"Blvd. de las Torres No. 614
Col. Loma Linda, C.P. 72477
Puebla, Puebla
Tel. (55) 26301409 
prais@prais.com.mx 
",21,Puebla,114,Puebla,,Suelos contaminados con hidrocarburos; suelos contaminados con ácidos o bases; suelos contaminados con cianuro de sodio,21-V-10-15,3206,6/4/2015,6/4/2025,,"LAND-S
PILA-S 
EXVA-S 
BVAE-S 
LAND-LS
PILA-LS
OXIQ-LS  
LAVS-LS 
NEUQ-LS
",
114,"Construcciones e Ingeniería Ojo de Agua,S de R.L. de C.V.","Vicente Suárez No. 125
Colonia Centro
73080 Xicotepec de Juárez, Puebla 
Tel. (045) 78-21-66-78-23
david_inocencio_vf@hotmail.com ",21,Puebla,197,Xicotepec,,Suelos contaminados con hidrocarburos,21-V-41-16,6268,1/7/2016,1/7/2026,,"BVAE-S
EXVA-S
LAND-LS 
PILA-LS
OXIQ-LS      ",
115,"Ingeniería Ambiental, Construcción y Mantenimiento IACONSMA, S.A. de C.V.","Av. Jurica San Juan No. 1111 
Col. Juriquilla, C.P. 76230
Querétaro, Qro. 
Tel: 01(442) 234 1503, 234 1358
iaconsma@prodigy.net.mx
",22,Querétaro ,14,Querétaro ,,"Suelos y materiales semejantes a suelos, contaminados con hidrocarburos","22-V-23-15 
PRÓRROGA",4340,20/05/2015,20/05/2020,,"EXVA-S
BVAE-S
LAND-S
PILA-LS
LAND-LS 
",
116,"IMPETRO Environment, S.A. de C.V.","Paseo Constituyentes No. 1725
Col. El Pueblito
C.P. 76900 Corregidora, Qro.
01(442) 242 7697
contacto@impetroenvaironment.com",22,Querétaro ,6,Corregidora,,"Suelos y materiales semejantes a suelos, contaminados con hidrocarburos",22-V-39-14,4645,3/6/2014,3/6/2024,,"OXIQ-LS
LAND-LS
PILA-LS
BVAE-S
EXVA-S",
117,"Jesmar Representaciones y Servicios, S.A. de C.V.","Bosque de fresnos No. 24,
Colonia Bosques de Viena,
76905, Corregidora, Querétaro
Tel. (442) 4875106
jesmar01@prodigy.net.mx
",22,Querétaro ,6,Corregidora,,"Suelos y materiales semejantes a suelos, contaminados con hidrocarburos",22-V-61-15,9666,14/12/2015,14/12/2025,,"LAND-S
LAND-LS
OXIQ-LS
LAVS-LS 
",
118,Grupo Empresarial Energía y Medio Ambiente S.A. de C.V.,"Calle Camino Real de Carretas No. 399
Fraccionamiento Mileno III
76060 Santiago de Querétaro, Querétaro 
Tel. 01-(442)-1253-542
madelarosa@genermasa.com ",22,Querétaro ,14,Querétaro ,,"Suelos y materiales semejantes a suelos, contaminados con hidrocarburos
Suelos Contaminados con ácidos, bases y cianuros",22-V-34-16 ,5613,16/06/2016,16/06/2026,,"BVAE-S
LAND-S
EXVA-S
LAND-LS 
PILA-LS
OXIQ-LS
LAVS-LS
NEUQ-LS
OTR1-LS
     ",OTR1-LS: Tratamiento de suelos con cianuros
119,"CEASSA, S.C.","Av. Sierra Leona No. 550 
Col. Lomas 2da. Sección 
C.P. 78210, San Luis Potosí, San Luis Potosí
Tel./ Fax  01(444) 8257013 
monroyma@slp.mx
",24,San Luis Potosí,28,San Luis Potosí,,Suelos contaminados con hidrocarburos,24-V-81-10,4816,25/06/2010,25/06/2020,,"PILA-LS
LAND-S
EXVA-S
BVAE-S",
120,"MIC-BAC, S.A. de C.V.","Prolongación Nero Rodríguez Barragán No. 880
Fraccionamiento San Pedro  C.P.78178
San Luis Potosí, San Luis Potosí
Tel. 01(444) 825 6078, 817 6137
jmm@trataragua.com  ",24,San Luis Potosí,28,San Luis Potosí,,Suelos contaminados con hidrocarburos,24-V-43-15,6713,9/9/2015,9/9/2025,,"LAND-S
BVAE-S
EXVA-S
PILA-LS
LAND-LS  ",
121,"BMV Ingeniería del Medio Ambiente, S.A. de C.V. ","Constitución No. 422-1 Sur
Col. Centro, C.P. 81200
Municipio de Ahome, Localidad Los Mochis, Sinaloa 
Tel. y fax  01(668) 812-44-78
bmv_ingenieria@yahoo.com.mx
",25,Sinaloa ,1,Ahome,,"Suelos y materiales semejantes a suelos, contaminados con hidrocarburos","25-V-28-15 
PRÓRROGA ",4691,1/6/2015,1/6/2020,,"BVAE-S 
EXVA-S
PILA-LS
OXIQ-LS
LAVS-LS   
 ",
122,"Louisiana Remediation Company de México, S de RL de CV","Boulevard del Centro No 115, Fracc Prados de Villahermosa, CP 86030, Villahermosa  Tab,      Tel y Fax: 01(993)314 06 88",27,Tabasco,4,Centro,"700,000","Suelos y materiales semejantes a suelos, contaminados con hidrocarburos",27-V-82-07        ,8295,19/12/2007,19/12/2017,,"LAND-LS
OXIQ-LS                  ",
123,"SERES Servicios Especializados en el Medio Ambiente, S.A. de C.V. ","Av. Mario Brown Peralta No. 221 
Col. Atasta de Serra 
C.P. 86090, Villahermosa, Tab.
Tel.  01 (993) 351 54 88, 351 54 89, 351 5491
",27,Tabasco,4,Centro,"800,000","Suelos y materiales semejantes a suelos, contaminados con hidrocarburos",27-V-02-08        ,149,15/01/2008,15/01/2018,"TRANSFERENCIA DE AUTORIZACIÓN DE SAINT MARTIN CONSTRUCCIONES , SA de CV a  SERES SERVICIOS ESPECIALIZADOS EN EL MEDIO AMBIENTE, S.A. DE C.V.   Oficio DGGIMAR.710/002729 del   20  de abril  2011 ","OXIQ-LS
LAND-LS
OXIQ-FS","OXIQ-FS: 
RANCHERÍA LÁZARO CARDENAS, CENTRO, TAB."
124,"Construcción y Mantenimiento del Ambiente, SA de CV","Cerrada Alameda No 15-E, Col Miguel Hidalgo, CP 86126 Centro, Tab        Tel 01 (993) 3 54 54 01 ",27,Tabasco,4,Centro,"700,000","Suelos y materiales semejantes a suelos, contaminados con hidrocarburos",27-V-14-08        ,"001824
",24/03/2008,24/03/2018,,"PILA-LS
LAND-S
EXVA-S
BVAE-S",
125,"Construcciones y Comercializadora JEDIMAR, SA de CV","Carretera Río Viejo km 0,99 Altos s/n,  CP 86126 R/A Miguel Hidalgo, Centro, Tab     Tel 01 (993) 3800967",27,Tabasco,4,Centro,"2,100,000",Suelos contaminados con hidrocarburos ,27-V-28-08        ,"003884
",3/6/2008,3/6/2018,,"LAND-LS
LAND-S
OXIQ-LS",
126,"A Cubika Construcciones, SA de CV ","Paseo Tabasco No 412 Dpto 2 Col Centro, CP 86090, Villahermosa, Tabasco                  Tel   01(993) 312 05 31 ",27,Tabasco,4,Centro,,"Suelos y materiales semejantes a suelos, contaminados con hidrocarburos",27- V-76-09          ,"006549
",18/08/2009,18/08/2019,,"OXIQ-LS 
LAND-LS",
127,"Polljmar, SA de CV ","Niños Héroes No 114-B, Col Atasta, CP 86100, Villahermosa, Tabasco                 Tel  01(993) 337 94 04 ",27,Tabasco,4,Centro,,"Suelos y materiales semejantes a suelos, contaminados con hidrocarburos",27- V-87-09   ,"007509
",28/09/2009,28/09/2019,,"LAND-LS
OXIQ-LS
BVAE-S
EXVA-S
LAND-S",
128,Jorge Alberto Ramírez Cahuich ,"Cenzontle No 208, Fracc La Ceiba, CP 86189, Centro, Villahermosa, Tabasco   Tel/Fax  01(993) 160 00 62,                  351 08 58,    355 06 02",27,Tabasco,4,Centro,,"Suelos y materiales semejantes a suelos, contaminados con hidrocarburos",27- V-96-09    ,"008113
",22/10/2009,22/10/2019,,"PILA-LS
LAND-LS",
129,"Remediation Solutions de México, SA de CV","Calle 1  Manzana 1 Lote 9,  Ranchería Anacleto Canabal, 1a Sección, CP 86103, Centro, Villahermosa, Tabasco 
Tel  01(993) 1609 751 ",27,Tabasco,4,Centro,,"Suelos y materiales semejantes a suelos, contaminados con hidrocarburos",27-V-97-09    ,"008286
",28/10/2009,28/10/2019,Se MODIFICA la Autorización No. 27-V-97-09               Oficio DGGIMAR.710/003260 del 16 de mayo  de 2011,"LAND-LS
OXIQ-LS
BVAE-S
EXVA-S
LAND-S
OTR1-LS
LAVS-LS",OTR1-LS: PRETRATAMIENTO DE SUELOS AFECTADOS DE AGUA SALADA
130,"Ecotec Ingeniería Ambiental, SA de CV","Matías Piedra No 111 casa 5 Fracc Oropeza 
CP 86035, Centro Villahermosa, Tabasco              Tel  01(993) 3520 788  
Fax  01(993) 3520 400                ",27,Tabasco,4,Centro,,"Suelos y materiales semejantes a suelos, contaminados con hidrocarburos",27-V-110-09    ,"009114
",4/12/2009,4/12/2019,,"OXIQ-LS
LAND-LS",
131,"RDC Corporativo, SA de CV","Calle Francisco González Bocanegra No 10-A Col Nuevo Progreso I y II CP 86570, Cárdenas, Tabasco Tel 01(937)3723299",27,Tabasco,2,Cárdenas,,"Suelos y materiales semejantes a suelos, contaminados con hidrocarburos",27-V-05-10,"00322
",22/01/2010,22/01/2020,,"OXIQ-LS
LAND-LS
LAVS-LS",
132,"CORES Ambiental, S.A. de C.V. ","Av. Circunvalación No. 5 Int. 1 
Col. Morelos 
C.P. 86370, Comalcalco, Tabasco 
Tel. 01(933) 33 461 59 
cores_ambiental@hotmail.com
",27,Tabasco,5,Comalcalco ,,"Suelos y materiales semejantes a suelos, contaminados con hidrocarburos",27-V-28-10        ,1916,17/03/2010,17/03/2020,,LAND-LS,
133,"Petrologística Integral, S.A. de C.V.","Calle Andrés García No. 322-4 
Col. Primero de Mayo 
C.P. 86190, Villahermosa, Tabasco 
Tel. 01(993) 3157550 
cesar_figue@hotmail.com
",27,Tabasco,4,Centro,,"Suelos y materiales semejantes a suelos, contaminados con hidrocarburos",27-V-48-10,3106,27/04/2010,27/04/2020,,"LAND-S
PILA-LS
LAND-LS 
LAVS-LS",
134,"Ambiental y Energía Racional, S.A. de C.V. ","Calle Zenzontle No. 104 Int 2 
Col. La Ceiba 
C.P. 86127, Centro, Villahermosa, Tabasco 
Tel. 01(993) 351 52 50, 351 99 76 
roman@operadoraintergrupo.com
",27,Tabasco,4,Centro ,,"•Suelos y materiales semejantes a suelos, contaminados con hidrocarburos. 
• hidrocarburos semi intemperizados e intemperizados, hidrocarburos líquidos emulsionados con agua y sólidos y sosas gastadas. 
","27-V-29-15
PRÓRROGA ",4694,2/6/2015,2/6/2020,"Se trasfirió la Autorización No.27-V-29-15 de Ambiental y Energía Recional S.A DE C.V a la razón social AMBYER S.A de C.V.
Oficio DGGIMAR.710/0001528 de fecha 17 de febrero de 2017","BVAE-S 
EXVA-S 
LAND-S 
OXIQ-LS 
LAND-LS 
LAVS-LS 
PILA-LS 
OXIQ-FS","OXIQ-FS: 
EN LAS INSTALACIONES  UBICADAS EN LA RANCHERIA ALVARADO (RANCHO COLIMA), SEGUNDA SECCION, CENTRO, TABASCO"
135,"Proyectos y Construcciones FRAMARCA, S.A. de C.V.","Golondrina No. 514 
Col. El Parque, Municipio de Centro 
C.P. 86096, Villahermosa, Tabasco 
Tel.  9932 54 70 29 
www.framarca@prodigy.net.mx
",27,Tabasco,4,Centro,,"Suelos y materiales semejantes a suelos, contaminados con hidrocarburos",27-V-62-11,5508,17/08/2011,17/08/2021,,"LAND-S
PILA-LS
LAND-LS
OXIQ-LS
BVAE-S
EXVA-S
LAVS-LS",
136,"Servicios Generales Petroleros, S.A. de C.V.","Francisco González Bocanegra No. 10-B
Col. Nuevo Progreso 
C.P. 86529, Cárdenas, Tabasco  
Tel.  01(937) 372 32 99 
Fax  01(937) 372 88 40
taylorwell66@hotmail.com
",27,Tabasco,2,Cárdenas,,"Suelos y materiales semejantes a suelos, contaminados con hidrocarburos",27-V-74-11,6879,7/10/2011,7/10/2021,,"OTR1-LS
OXIQ-LS
LAVS-LS
LAND-LS",OTR1-LS: PRETRATAMIENTO DE SUELOS AFECTADOS DE AGUA SALADA
137,"Construlav del Sureste, S.A. de C.V. ","Carretera Municipal Villahermosa-Luis Gil Pérez Km. 3.2 
Ranchería Ixtacomitán, C.P.  86280 
Centro, Villahermosa, Tabasco 
Tel.  01(993) 354 64 36 
www.construlav.com.mx
",27,Tabasco,4,Centro,,"Suelos y materiales semejantes a suelos, contaminados con hidrocarburos","27-V-33-12 
PRÓRROGA",5396,23/07/2012,23/07/2022,,"LAND-S
PILA-LS
LAND-LS
OXIQ-LS
LAVS-LS
BVAE-S
EXVA-S",
138,"Ecoservicios, Construcciones, y Suministros Industriales y Comerciales, S.A. de C.V.","Calle 4 No. 63 
Col. Tabasco 2000, C.P. 86035 
Centro, Villahermosa, Tabasco 
Tel.  (01) 9933 15 23 33
jaserna@ecoservs.com
",27,Tabasco,4,Centro,,"Suelos y materiales semejantes a suelos, contaminados con hidrocarburos",27-V-51-12,9018,18/12/2012,18/12/2022,,"OTR1-LS
OXIQ-LS
LAND-S
LAND-LS
LAVS-LS
EXVA-S
BVAE-S",OTR1-LS: PRETRATAMIENTO DE SUELOS AFECTADOS DE AGUA SALADA
139,"Ecological Biodiversity, S.A. de C.V. ","Calle Cárdenas s/n Local 3H 
C.P. 86100, Col. Atasta
Centro, Villahermosa, Tabasco 
Tels. 01(993) 139 37 92
",27,Tabasco,4,Centro ,,"Suelos y materiales semejantes a suelos, contaminados con hidrocarburos",27-V-05-13,1484,20/02/2013,20/02/2023,,"PILA-LS
EXVA-S
LAVS-LS
OXIQ-LS
BVAE-S",
140,"Global Petrol Services, S.A. de C.V. ","Av. Gregorio Méndez Magaña No. 1016 Altos
C.P. 86000, Col. Centro
Centro, Villahermosa, Tabasco 
Tels. 01(993) 312 75 10
raulguerrero1950@yahoo.com.mx
",27,Tabasco,4,Centro ,,"Suelos y materiales semejantes a suelos, contaminados con hidrocarburos",27-V-07-13,1898,4/3/2013,4/3/2023,,"PILA-LS
LAND-LS
OXIQ-LS",
141,"Cerecyt, S.A. de C.V.","Acceso principal a Ranchería González 1a Sección a 750 m del entronque con carretera Coatzacoalcos-Villahermosa Km 157+000 
C.P. 86039, Centro, Villahermosa, Tabasco 
Tel./Fax (993) 380 2128 
cerecyt@yahoo.com.mx
armentaarteaga62@hotmail.com
",27,Tabasco,4,Centro,,"Suelos y materiales semejantes a suelos, contaminados con hidrocarburos",27-V-12-13,4207,27/05/2013,27/05/2023,,"LAVS-LS
PILA-LS
LAVS-FS
PILA-FS  ","FS:
 RANCHERÍA GONZÁLEZ 1A SECC. CENTRO, TAB"
142,"Grupo Petrol, S.A de C.V.","Calle Cunduacan No. 99
Col. Sánchez Magallanes, C.P. 86160
Villahermosa, Centro, Tabasco
Tel. 01(993)315 27 96, 313 90 69
gpounido@hotmail.com",27,Tabasco,4,Centro,,"Suelos y materiales semejantes a suelos, contaminados con hidrocarburos",27-V-18-13,5629,22/07/2013,22/07/2023,,LAND-LS,
143,"Recicladora y Distribuidora del Sureste, S.A. de C.V.","Calle 26 No. 85
Col. Luis Gómez Zepeda
C.P. 96801, Tenosique, Tabasco
Tel. (934) 3420042, (933) 1342406
igabriel@redisur.com.mx",27,Tabasco,17,Tenosique,,"Suelos y materiales semejantes a suelos, contaminados con hidrocarburos",27-V-22-13,5632,22/07/2013,22/07/2023,,"PILA-S
LAND-S
EXVA-S
BVAE-S
PILA-LS
LAND-LS
OXIQ-LS
NEUQ-LS
LAVS-LS",
144,"RIK Soluciones, S.A. DE C.V.","Carretera Federal Cárdenas-Villahermosa Km. 160+500 
Ra. Lázaro Cárdenas
C.P. 86280, Centro, Tabasco
Tel/Fax 01(993) 314 33 69
riksoluciones@hotmail.com",27,Tabasco,4,Centro,,"Suelos y materiales semejantes a suelos, contaminados con hidrocarburos",27-V-16-13,5630,22/07/2013,22/07/2023,,"LAND-LS
OXIQ-LS",
145,"MARACO Construcciones, S.A. de C.V.","Av. 27 de febrero No. 2214
Col. Atasta
C.P: 86061, Villahermosa, Centro, Tabasco
Tel. 01(993) 161 5155
maraco_construcciones@hotmail.com",27,Tabasco,4,Centro,,"Suelos y materiales semejantes a suelos, contaminados con hidrocarburos",27-V-08-14,783,6/2/2014,6/2/2024,,"EXVA-S
BVAE-S
OXIQ-LS
OTR1-LS
LAVS-LS
LAND-LS",OTR1-LS: PRETRATAMIENTO DE SUELOS AFECTADOS DE AGUA SALADA
146,"Servicios Industriales Fénix, S.A. de C.V.","Calle 9 Manzana 15 Lote 26
Fracc. Santa Elena
C.P. 86126, Villahermosa, Centro, Tabasco
Tel. 01(921)  178 2277
lrivera@serviciosfenix.com",27,Tabasco,4,Centro,,"Suelos y materiales semejantes a suelos, contaminados con hidrocarburos",27-V-22-14,2053,12/3/2014,12/3/2024,,"OXIQ-LS
PILA-LS",
147,"Mantenimiento Integral del Sur, S.A. de C.V.","Calle 2 Manzana 2 Lote 2 
R/a Anacketo Canabal 1ra. Sección 
C.P. 86103, Villahermosa, Centro, Tabasco
Tel. 01(422) 337 9440, 337 9948 
missa_cv@hotmail.com",27,Tabasco,4,Centro,,"Suelos y materiales semejantes a suelos, contaminados con hidrocarburos",27-V-52-14 ,8183,12/9/2014,12/9/2024,,"PILA-LS
LAND-LS
OXIQ-LS
LAVS-LS
LAND-S
BVAE-S
EXVA-S
",
148,"Felco Energy Solution, S.A. de C.V.","Adolfo Ruiz Cortines No. 917 local 5
Col. Centro
C.P. 86000 Villahermosa, Tabasco
Tel. 993 1311850
fsoler@felco-inc.com",27,Tabasco,4,Centro,,"Suelos y materiales semejantes a suelos, contaminados con hidrocarburos",27-V-61-14,10841,8/12/2014,8/12/2024,,"PILA-LS
LAND-LS
OXIQ-LS
LAVS-LS
LAND-S
BVAE-S
EXVA-S
",
149,"Corporativo de  Servicios Ambientales, S.A. de C.V.","Pijije No. 101 Local 4 
Fracc. La Choca, Tabasco 2000  
C.P. 86035, Villahermosa, Tabasco  
Tel.  01(993) 316 66 62 
Fax  01(993) 316 66 63
africa@corsa.com.mx, amora@corsa.com.mx
",27,Tabasco,4,Centro,,"Suelos y materiales semejantes a suelos, contaminados con hidrocarburos",27-V-26-15,4506,22/05/2015,22/05/2025,,"PILA-LS
LAND-LS 
",
150,"Servicios Industriales MAYPA, S.A. de C.V.","Comalcalco No. 119
Fracc. Prados de Villahermosa
C.P. 86030, Villahermosa, Tabasco
Tel. (993) 315 41 18 y 312 49 51 
maypa11@hotmail.com 
",27,Tabasco,4,Centro,,"Suelos y materiales semejantes a suelos, contaminados con hidrocarburos",27-V-27-15,4692,1/6/2015,1/6/2025,,"LAND-LS
OXIQ-LS
OTR1-LS 
",OTR1-LS: PRETRATAMIENTO DE SUELOS AFECTADOS DE AGUA SALADA
151,Consultoría Ambiental e Ingeniería S.A. de C.V.,"Campo Tamulte 126,
Fraccionamiento Carrizal, 
86038, Villahermosa, Tabasco.
Tel. 01-(993)-3547613
rcarmona@caisagroup.mx
",27,Tabasco,4,Centro,,"Suelos y materiales semejantes a suelos, contaminados con hidrocarburos",27-V-03-16,731,3/2/2016,3/2/2026,,"LAND-S
BVAE-S
EXVA-S
PILA-LS
LAND-LS
OXIQ-LS
LAVS-LS 
",
152,"Geo Estratos, S.A. de C.V.","Calle 7 # 205-1   Col. Jardín 20 de Noviembre, C.P. 89440    Cd. Madero, Tamps   tel  01 (833) 210 51 47 jlgonzalea@geo-estratos.com 
",28,Tamaulipas,9,Ciudad Madero,"1,430,000","Suelos y materiales semejantes a suelos, contaminados con hidrocarburos; suelos contaminados con hidróxido de sodio o con amoniaco","28-V-81-07 
28-V-23-10","001806
12 marzo 2010 ",19/12/2007,19/12/2017,,"LAND-LS 
LAND-S
NEUQ-LS
BVAE-S
LAND-FS
OXIQ-LS
PILA-LS","LAND-FS:
 EN LOS CENTROS DE TRATAMIENTO UBICADOS EN:
 1) KM 05 + 600 DE LA CARRETERA EL CHOCOLATE, ALTAMIRA, TAMPS Y
 2) KM. 25 CARRETERA ESTACION MANUEL, TAMAULIPAS-EBANO-SLP, MUNICIPIO DE GONZALEZ, TAMPS"
153,"Multiservicios Industriales y Ecológicos, SA de CV","Calle Tercera No 214, Col Emiliano Carranza,  CP 89549, Cd Madero, Tamaulipas         Tel 01 (833)269 01 99",28,Tamaulipas,9,Ciudad Madero,"560,000","Suelos y materiales semejantes a suelos, contaminados con hidrocarburos",28-V-02-09,822,4/2/2009,4/2/2019,,"OXIQ-LS
LAND-S",
154,"Green Zone, SA de CV","Calle Oaxaca No 504, Col Unidad Nacional CP, 89410, Ciudad Madero, Tamaulipas
Tel  01(833) 210 62 49  contacto.greenzone@gmail.com",28,Tamaulipas,9,Ciudad Madero,,"Suelos y materiales semejantes a suelos, contaminados con hidrocarburos",28-V-60-09         ,"005492
",9/7/2009,9/7/2019,"Se MODIFICA la Autorización No. 28-V-60-09 ,  Oficio DGGIMAR.710/000157 del 14 de enero de 2011","LAND-S
LAND-LS
OXIQ-LS
PILA-LS",
155,"GMG Enviroservice, S.C.","Carr. Tampico-Mante km. 25 s/n
C.P.89603, Altamira, Tamaulipas  
Tel./ Fax  01(833) 264 15 21 
enviromx@yahoo.es
",28,Tamaulipas,3,Altamira,,"Suelos y materiales semejantes a suelos, contaminados con hidrocarburos",28-V-78-10,4701,23/06/2010,23/06/2020,,"LAND-LS
PILA-LS
OXIQ-LS
LAND-S
BVAE-S
EXVA-S",
156,"Petroservicios Ambientales de México, S.A. de C.V.","Carretera a San Fernando  Km. 130  s/n  
C.P. 88770, Col. Del Maestro 
Reynosa, Tamaulipas
Tel.  01(993) 3 50 64 80 
Mendozaruiz@hotmail.com
",28,Tamaulipas,32,Reynosa ,,"Suelos y materiales semejantes a suelos, contaminados con hidrocarburos",28-V-46-11 ,4410,29/06/2011,29/06/2021,,"OXIQ-LS
LAVS-LS
LAND-LS
LAND-S
EXVA-S
BVAE-S
OTR1-LS",OTR1-LS: PRETRATAMIENTO DE SUELOS AFECTADOS DE AGUA SALADA
157,"Construcción y Servicios Integrales SIGMA, S.A. de C.V. ","Vicente Guerrero No. 307
Col. Laguna de la Puerta 
C.P. 89310, Tampico, Tamaulipas 
Tel. 01(833) 226 00 54, 226 43 06
abelrodba@hotmail.com
",28,Tamaulipas,38,Tampico ,"380,000","Suelos y materiales semejantes a suelos, contaminados con hidrocarburos",28-V-52-11 ,5037,22/07/2011,22/07/2021,Se MODIFICA la Autorización No. 28-V-52-11        Oficio DGGIMAR.710/006647 del 28 de septiembre de 2011  y    Oficio DGGIMAR.710/001983 del 8 de marzo de 2011   ,"OXIQ-LS
PILA-LS
LAND-LS
LAND-S
EXVA-S
BVAE-S
DESO-FS","DESO-FS:
EN LAS INSTALACIONES UBICADAS EN CONGREGACION CACALILAO LOTE NO. 5, CARRETERA MORALILLO-EBANO (TAMPICO-VALLES) KM 87.5 PANUCO, VER.           "
158,"Centro de Proyectos Tamaulipas, A.C.","Lateral Sur del Canal Rodhe  s/n 
Col. Arcoiris 
C.P. 88779, Reynosa, Tamaulipas 
Tel./Fax 01(899) 921 33 00 ext 8263  
jgomez@uat.edu.mx 
",28,Tamaulipas,32,Reynosa,,"Suelos y materiales semejantes a suelos, contaminados con hidrocarburos",28-V-36-10,1778,5/3/2012,5/3/2022,"Transferencia de Autorización de Centro de Proyectos Estratégicos para el Desarrollo Sustentable, A.C. a Centro de Proyectos Tamaulipas, A.C.                Oficio DGGIMAR.710/001778 del 5 de marzo de 2012","PILA-LS
LAND-S
EXVA-S
BVAE-S",
159,"Servicios Ecológicos VIDSA, S.A. de C.V. ","Calle Pedro Hugo González No. 1005 
Col. Altamira, C.P. 88630 
Reynosa, Tamaulipas
Tels. 01(899) 922 1617 
gerardo.gonzález@vidsa.com.mx
",28,Tamaulipas,32,Reynosa,,"Suelos y materiales semejantes a suelos, contaminados con hidrocarburos",28-V-42-12,6564,5/9/2012,5/9/2022,,OXIQ-LS,
160,"Golfo Verde, S.A. de C.V. ","Calle Pedro Hugo González No. 1005 
Col. Altamira, C.P. 88630 
Reynosa, Tamaulipas
Tels. 01(899) 922 1617 
gerardo.gonzález@vidsa.com.mx
",28,Tamaulipas,32,Reynosa,,"Suelos y materiales semejantes a suelos, contaminados con hidrocarburos",28-V-48-12,7780,26/10/2012,26/10/2022,,OXIQ-LS,
161,"Construcción y Ecología 2000, S.A. de C.V. ","Vicente Guerrero No. 307  
Col. Laguna de la Puerta 
C.P. 89310, Tampico, Tamaulipas 
Tel. y fax  01(833) 226 00 54
ecologia2000@hotmail.com 
",28,Tamaulipas,38,Tampico,,"Suelos y materiales semejantes a suelos, contaminados con hidrocarburos",28-V-34-15 ,5303,26/06/2015,26/06/2025,,"PILA-S
BVAE-S
EXVA-S
PILA-LS
LAND-LS
OXIQ-LS",
162,"Sarreal , S.A. de C.V.","Gaseoducto de PEMEX No 210
Granjas Económicas del Norte 88730
Reynosa, Tamaulipas
Tel. 553 877 3886
lmorales@sarreal.com.mx ",28,Tamaulipas,32,Reynosa,,"Suelos y materiales semejantes a suelos, contaminados con hidrocarburos",28-V-10-16,1337,18/02/2016,18/02/2026,,"BVAE-S
EXVA-S
PILA-LS
LAND-LS
OXIQ-LS
",
163,Cleanmex S.A. de C.V.,"Carretera Sendero Nacional Km 8.3 S/N
87313 Sendero Nacional
H. Matamoros, Tamaulipas
Tel. (868) 811-19-00 Ext. 103
",28,Tamaulipas,22,Matamoros,,"Suelos y materiales semejantes a suelos, contaminados con hidrocarburos",28-V-27-16,4665,17/05/2016,17/05/2026,,"LAND-S
LAND-LS 
     ",
164,Grupo Bio Nature Asesoria y Servicios S. de R.L. de C.V.,"Calle Veracruz No. 109 
Col. Guadalupe.
89120 Tampico, Tamaulipas
Tel. 01-(833)-217-3956
info@grupobionature.com ",28,Tamaulipas,38,Tampico,,"Suelos y materiales semejantes a suelos, contaminados con hidrocarburos",28-V-30-16 ,5403,7/6/2016,7/6/2026,,"LAND-S
LAND-LS 
PILA-LS
OXIQ-LS
     ",
165,"Tecnología Especializada de Control Ambiental, SA de CV ","Pedro J. Méndez N0. 304 Col Ampliación Unidad Nacional CP 89510, Ciudad Madero, Tamaulipas Tel 01(833)125 9329",28,Tamaulipas,9,Ciudad Madero," 3,500 m3/mes; 360,000 (modif)","Lodos plomizos y aceitosos originados por la sedimentación en tanques de almacenamiento de productos petroleros, separadores API, tierras contaminadas con derrames de hidrocarburos líquidos y recortes de perforación. Modif: lodos aceitosos contaminados con hidrocarburos de separadores API y suelos contaminados con hidrocarburos",28-38-PS-V-01-94,"DGNA 10802
",25/11/1994,Vigencia indefinida,"005764
11Oct05",OTR1-LS,"OTR1-LS:
Procesos fisico- químicos a base de precipitación química y separación física de las fases sólida y líquida por centrifugación y filtración. Separación fisico-química de fases y degradación biológica"
166,"Protectores Químicos Sanitarios, SA de CV","Carretera a Cazones km 48 s/n  Entre Fracc La Florida y Fracc, Arboledas, CP 93400, Papantla, Ver        Tel 01 (784) 821-46-07 821 47 35, 821 47 50",30,Veracruz de Ignacio de la Llave,124,Papantla,"360,000","Suelos y materiales semejantes a suelos, contaminados con hidrocarburos",30-V-13-08        ,1594,10/3/2008,10/3/2018,,PILA-LS,
167,"Caprimex, SA de CV","Av 7 No 109 entre calles 1 y 3, Col Centro, CP 94500, Cordova, Ver Tel. 01 (271) 712 7834 y 712 35 15",30,Veracruz de Ignacio de la Llave,44,Córdoba,"2,500,000","Suelos y materiales semejantes a suelos, contaminados con hidrocarburos","30-V-43-08
MODIFICACIÓN","005438
29Jul08",29/07/2008,29/07/2018,"005005
19 Jun09","PILA-LS
LAND-LS
OXIQ-LS
EXVA-S
BVAE-S
LAVS-LS",NO PRESENTÓ PROTOCOLO DE PRUEBAS PARA EL TRATAMIENTO DE DESORCION TÉRMICA A UN LADO DEL SITIO
168,"Constructora ARKIA, SA de CV","Daniel Ayala No 6 Col Popular Las Animas, CP 91190, Jalapa, Ver   Tel: 01 (22) 8812 7895",30,Veracruz de Ignacio de la Llave,87,Xalapa,"2,500,000",Suelos contaminados con hidrocarburos ,30-V-48-08,"006193
",22/08/2008,22/08/2018,,"LAND-LS
OXIQ-LS
LAVS-LS
EXVA-S
BVAE-S",
169,"Ambiental Mar, SA de CV","Calle 14  No 1496 Interior 5, CP 91729, Col Pocitos y Rivera, Veracruz Ver         Tel 01 (229) 934 96 56",30,Veracruz de Ignacio de la Llave,193,Veracruz,"2,100,000","Suelos y materiales semejantes a suelos, contaminados con hidrocarburos",30-V-53-08,6806,15/09/2008,15/09/2018,,"LAND-LS
LAND-S
OXIQ-LS",
170,Sistemas de Inyección Diesel SA de CV,"Calle Cuauhtemoc  No 4232 , CP 91700, Col Centro, Veracruz Ver. 
Tel 01 (229) 938 1346,  934 77 02",30,Veracruz de Ignacio de la Llave,193,Veracruz,"3,000,000",Suelos contaminados con hidroacrburos ,30-V-58-08,"007229
",2/10/2008,2/10/2018,,"LAND-LS
OXIQ-LS
LAVS-LS
EXVA-S
BVAE-S",
171,"Ingeniería y Aplicaciones Ambientales, SA de CV","Román Marín No 3145 Col Emiliano Zapata,  CP 96560, Coatzacoalcos, Ver . 
Tel 01 (921) 21 761 35",30,Veracruz de Ignacio de la Llave,39,Coatzacoalcos,"750,000","Suelos y materiales semejantes a suelos, contaminados con hidrocarburos",30-V-01-09,"00821
",4/2/2009,4/2/2019,,"PILA-LS
LAND-S
EXVA-S
BVAE-S ",
172,"Desarrollo Industrial Nacional , SA de CV","Río Coachapa No 7,  Col Infonavit  Paquital,  CP 96810 Cosoleacaque, Ver  Tel. 01 (922) 264 1622",30,Veracruz de Ignacio de la Llave,48,Cosoleacaque,,"Suelos y materiales semejantes a suelos, contaminados con hidrocarburos",30-V-16-09,"002152
",20/03/2009,20/03/2019,,"LAND-LS
OXIQ-LS",
173,"Trabajos Industriales y Ecología , SA de CV","Agustin Melgar No 58 Altos Col Niños Héroes CP 96810,   Minatitlán Ver    Tel  01 (922) 222 47 37",30,Veracruz de Ignacio de la Llave,108,Minatitlán,,"Suelos y materiales semejantes a suelos, contaminados con hidrocarburos",30-V-23-09,"002149
",20/03/2009,20/03/2019,,"LAND-LS
OXIQ-LS
LAVS-LS
EXVA-S",
174,"Comunicaciones y Electrónica Industrial, SA de CV","Prolongación Hidalgo No 1614, Col Benito Juárez, CP 96576, Cotazacoalcos, Ver. 
 Tel   01 (921) 215 29 51",30,Veracruz de Ignacio de la Llave,39,Coatzacoalcos,,"Suelos y materiales semejantes a suelos, contaminados con hidrocarburos",30-V-38-09 PRORROGA,3000,16/04/2009,16/04/2019,,"OTR1-FS  
LAVS-LS   
EXVA-S  
BVAE-S 
LAND-S 
OXIQ-LS","OTR1-FS:
 FLUIDIZACION DE HIDROCARBUROS FUERA DEL SITIO. CAMINO A LA INDUSTRIA FENOQUIMIA EX PREDIO ENCINO GORDO, COSOLEACAQUE, VER"
175,"Ingeniería Construcción Industrial y Ecología, 
SA de CV","Ignacio de la Llave  
No 1401-7 Col María de la piedad CP 96410, Coatzacoalcos Veracruz
Tel. 01(921) 2100107",30,Veracruz de Ignacio de la Llave,39,Coatzacoalcos,,"Suelos y materiales semejantes a suelos, contaminados con hidrocarburos",30-V-58-09,"005173
",29/06/2009,29/06/2019,,"LAND-LS
OXIQ-LS",
176,"Marthens Biogen, 
SA de CV ","Circuito Lomas de Abajo No 56-B, Col Lomas Verdes, CP 91098, Jalapa, Veracruz. 
Tel  01(228) 819 2795 ",30,Veracruz de Ignacio de la Llave,87,Xalapa,,Suelos contaminados con hidrocarburos,30- V-71-09   ,"006291
",10/8/2009,10/8/2019,,"PILA-LS
 OXIQ-LS
 BVAE-S
EXVA-S",
177,"CIEG, SA de CV","Bugambilias No 45  Altos, Col. Jardines de Virginia,  CP 94294 Boca del Río, Veracruz  
Tel  01(229) 927 3504  1609 751              ",30,Veracruz de Ignacio de la Llave,28,Boca del Río,,"Suelos y materiales semejantes a suelos, contaminados con hidrocarburos",30-V-100-09       ,"008600
",11/11/2009,11/11/2019,,"LAND-S
OXIQ-S
BVAE-S
EXVA-S",
178,"JM Consultores de Protección Ambiental, SA de CV","Calle Chihuahua No 50 
Fracc Puerta del Sol  
CP 94420, Mariano Escobedo, Veracruz  
Tel 01(229) 103 61 77                   ",30,Veracruz de Ignacio de la Llave,101,Mariano Escobedo,,"Suelos y materiales semejantes a suelos, contaminados con hidrocarburos",30-V-112-09    ,9261,8/12/2009,8/12/2019,,"LAND-LS
PILA-LS
OXIQ-LS
LAND-S
EXVA-S
BVAE-S",
179,"Biotecnología al Servicio Ambiental, SA de CV","Calle Gral Miguel Negrete No 561-2
Col Ignacio Zaragoza CP 91910
Tel01(229)202 2612, 200 08 28              info@bioser.com.mx",30,Veracruz de Ignacio de la Llave,193,Veracruz,,"Suelos y materiales semejantes a suelos, contaminados con hidrocarburos","30-V-04-10
","00323
",22/01/2010,22/01/2020,,"LAND-LS
PILA-LS
LAND-S
PILA-S",
180,"OPC Ambiental, S.A. de C.V.","Km. 7.5 carretera Coatzacoalcos-Minatitlán 
Tierra Nueva 
C.P. 96496, Coatzacoalcos, Veracruz
Tel. 01(921) 211 81 00
",30,Veracruz de Ignacio de la Llave,39,Coatzacoalcos,,"Suelos y materiales semejantes a suelos, contaminados con hidrocarburos",30-V-24-10,1686,10/3/2010,10/3/2020,,"LAND-LS
OXIQ-LS
BVAE-S
EXVA-S",
181,"Geoclean de México, S.A. de C.V.","Av. Gutiérrez Zamora No. 115 
Col. Centro 
C.P. 96400, Coatzacoalcos, Veracruz 
Tel. 01(921) 2 12 38 63 
geoclean_mexico@hotmail.com
",30,Veracruz de Ignacio de la Llave,39,Coatzacoalcos,,"Suelos y materiales semejantes a suelos, contaminados con hidrocarburos",30-V-41-10,3013,22/04/2010,22/04/2020,,"PILA-LS
LAND-LS
OXIQ-LS",
182,"Ecodesarrollo del Papaloapan, S.A. de C.V.","Calle Vasco Núñez de Balboa    No. 238- 2D Col. Veracruz
C.P. 91919, Veracruz, Veracruz 
Tel. 01(229) 100 35 74 
edorantes60@hotmail.com
",30,Veracruz de Ignacio de la Llave,193,Veracruz,,"Suelos y materiales semejantes a suelos, contaminados con hidrocarburos",30-V-47-10,3104,27/04/2010,27/04/2020,,"LAND-S
PILA-LS
LAND-LS
LAVS-LS",
183,"Luna Rodríguez, S.A. de C.V.","Carr.  Veracruz-Xalapa  Km. 12, Lote “L”  Altos 
Col. Tejeria 
C.P. 91697, Veracruz, Veracruz 
Tel.    01(229) 981 09 63, 981 14 70 
Fax.   01(229) 981 04 42, 981 08 19
dpedre@lunarodríguez.com.mx 
",30,Veracruz de Ignacio de la Llave,193,Veracruz,,"Suelos y materiales semejantes a suelos, contaminados con hidrocarburos",27-V-46-10,3105,27/04/2010,27/04/2020,,"LAND-S
PILA-LS
LAND-LS
LAVS-LS",
184,"ADT Petroservicios, S.A. de C.V.","Carretera Federal México-Tuxpan  Km. 255 s/n 
Col. Santiago de la Peña 
C.P. 92770, Tuxpan, Veracruz 
Tel.  01(783)83 40077, 834 1474, 834 9977
adtpetroservicios@prodigy.net.mx
",30,Veracruz de Ignacio de la Llave,189,Tuxpan,,"Suelos y materiales semejantes a suelos, contaminados con hidrocarburos; Suelos y materiales semejantes a suelos, contaminados con azufre",30-V-59-10,3235,3/5/2010,3/5/2020,"Se MODIFICA la Autorización No. 30-V-59-10 Oficio DGGIMAR.710/005775 del 25 de agosto  de 2011 
Oficio DGGIMAR.710/005675 del 26 de julio de 2010","OXIQ-LS    
LAND-LS 
LAND-S  
LAVS-LS 
OXIQ-FS
OTR1-LS","OXIQ-FS: OXIDACIÓN QUÍMICA INDUCIDA  EN LAS INSTALACIONES DEL RANCHO EL PITAYO,  CEIBA RICA, TUXPAN, VER OTR1-LS: FLUIDIZACIÓN DE HC PARA LA REMEDIACIÓN DE SUELOS Y MSS CON HIDROCARBUROS INTEMPERIZADOS Y SEMI INTEMPERIZADOS"
185,"RQG Servicios Ambientales e Industriales, S.A. de C.V.","Calle Román Marín No. 3145 
Col. Emiliano Zapata 
C.P. 96560, Coatzacoalcos, Veracruz 
Tel. 01(921) 217 61 35 
rqgproyectos@hotmail.com
",30,Veracruz de Ignacio de la Llave,39,Coatzacoalcos,,"Suelos y materiales semejantes a suelos, contaminados con hidrocarburos",30-V-57-10,3234,3/5/2010,3/5/2020,Se modifica autorización No. 30-V-57-10 mediante ofico DGGIMAR.710/003549 del 29 de abril de 2014  por cambio de domicio  y de representante legal,"OXIQ-LS
LAND-LS
BVAE-S
EXVA-S",
186,"Grupo Macomax, S.A. de C.V.","Venustiano Carranza No. 1 
Barrio de Xico 
C.P. 93165   Poza Rica, Veracruz 
Tel. 01(782) 825 76 91
",30,Veracruz de Ignacio de la Llave,131,Poza Rica de Hidalgo,,"Suelos y materiales semejantes a suelos, contaminados con hidrocarburos",30-V-65-10,3867,24/05/2010,24/05/2020,,"OXIQ-LS
LAND-LS
LAND-S
LAVS-LS",
187,"Adam Constructora, S.A. de C.V.","Calle Ferrocarril No. 318 
Col. Aviación Vieja 
C.P.  93370,  Poza Rica, Veracruz
Tel./ Fax  01(782) 823 12 21
cadamacsa@prodigy.net.mx
",30,Veracruz de Ignacio de la Llave,131,Poza Rica de Hidalgo,,Suelos contaminados con hidrocarburos,30-V-89-10,5488,16/07/2010,16/07/2020,,OXIQ-LS,
188,"Corporativo de Control Ambiental, S. A. de C.V.","Calle 28 de enero No. 10 
Col. Ruiz Cortines 
C.P.96790, Minatitlán, Veracruz
Tel. 01(922) 1313886 
corporativo_ambiental@hotmail.com
",30,Veracruz de Ignacio de la Llave,108,Minatitlán,,"Suelos y materiales semejantes a suelos, contaminados con hidrocarburos; suelos contaminados con ácidos o bases",30-V-92-10,5676,26/07/2010,26/07/2020,,"PILA-S
LAND-S
PILA-LS
LAND-LS
NEUQ-LS
OXIQ-LS
EXVA-S
BVAE-S
LAVS-LS
OTR1-LS",OTR1-LS: CENTRIFUGACION A UN LADO DEL SITIO
189,"Cultura Ecológica Industrial, S.A. de C.V.","Calle Álvaro Obregón No. 1312
Colonia Benito Juárez Norte, 
96576 Coatzacoalcos, Veracruz.
Tel. (921) 2176149
culturaecologica@hotmail.com
",30,Veracruz de Ignacio de la Llave,39,Coatzacoalcos,,"Suelos y materiales semejantes a suelos, contaminados con hidrocarburos",30-V-60-15,9141,30/11/2015,30/11/2020,,"LAVS-LS
LAND-LS  ",
190,"Servicios Petroleros del Golfo, S.A. de C.V.","Andador C No. 169  
Col. INFONAVIT Poza de Cuero 
Poza Rica, Veracruz 
Tel.  01(771) 7185863 
sepedelgolfo@gmail.com
",30,Veracruz de Ignacio de la Llave,131,Poza Rica de Hidalgo,,"Suelos y materiales semejantes a suelos, contaminados con hidrocarburos",30-V-45-11,4143,17/06/2011,17/06/2021,,"PILA-LS
BVAE-S
EXVA-S
LAND-LS
LAND-S
OXIQ-LS",
191,"Compañía Cars de México, S.A. de C.V.","Calle Amozoc No. 102 
Col. Cazones 
C.P. 93230, Poza Rica, Veracruz 
Tel. 01(782) 823 52 23
ciacarsm@prodigy.net.mx
",30,Veracruz de Ignacio de la Llave,131,Poza Rica de Hidalgo,,"Suelos y materiales semejantes a suelos, contaminados con hidrocarburos",30-V-52-11,4790,15/07/2011,15/07/2021,,"LAND-LS
OXIQ-LS",
192,"Corporativo Ambiental  OIL SAVER, S.A. de C.V.","Privada Amozoc  No. 102- 1D 
Col. Cazones 
C.P. 93230, Poza Rica, Veracruz 
Tel./Fax   01(782) 826 74 97 
oil_saver@prodigy.net.mx
",30,Veracruz de Ignacio de la Llave,131,Poza Rica de Hidalgo,,"Suelos y materiales semejantes a suelos, contaminados con hidrocarburos",30-V-66-11,5990,5/9/2011,5/9/2021,,"PILA-LS
OXIQ-LS ",
193,"Aplicaciones y Servicios Ambientales, S.A. de C.V.","Belisario Domínguez  No. 3308 
Col. Vistalmar, C.P. 96529 
Coatzacoalcos, Veracruz
Tel./Fax  01(921) 213 72 90 
aplicacionesyservicios@hotmail.com
",30,Veracruz de Ignacio de la Llave,39,Coatzacoalcos,,Suelos contaminados con hidrocarburos,30-V-87-11,8692,12/12/2011,12/12/2021,,"LAND-LS
OXIQ-LS
PILA-LS
EXVA-S
BVAE-S ",
194,"Macolza, S.A. de C.V.","Av. Benito Juárez No. 100-D 
Col. 27 de Septiembre, C.P. 93320 
Poza Rica, Veracruz 
Tel.  01(782) 1283255  
macolza@hotmail.com
",30,Veracruz de Ignacio de la Llave,131,Poza Rica de Hidalgo,,"Suelos y materiales semejantes a suelos, contaminados con hidrocarburos",30-V-06-12,1264,14/02/2012,14/02/2022,,"PILA-LS
OXIQ-LS
LAVS-LS",
195,"Servicios Industriales e Integrales BESTRA, S.A. de C.V. ","Cacalilao No. 48  
Col. Faja de Oro,   C.P.  93164 
Coatzintla, Veracruz 
Tel.  01(993) 1779774 
jorge.bejarano@bestra.com.mx
",30,Veracruz de Ignacio de la Llave,40,Coatzintla,,"Suelos y materiales semejantes a suelos, contaminados con hidrocarburos",30-V-31-12                 ,5252,13/07/2012,13/07/2022,,"LAND-S
LAND-LS",
196,"Mantenimientos Ecológicos y Constructora Industrial, S.A. de C.V.","Retorno Nena Urreta de Coss No. 394
Fracc. Villa Rica,  C.P. 91800 
Veracruz, Veracruz 
Tel. 01(229) 100 42 31 
ciprian12@hotmail.com
",30,Veracruz de Ignacio de la Llave,193,Veracruz ,,Suelos contaminados con hidrocarburos,30-V-36-12               ,5694,6/8/2012,6/8/2022,"Se modificó autorización por corrección de NRA 
Oficio DGGIMAR.710/007860 del 1 de octubre de 2013","LAND-S
OXIQ-S
BVAE-S
EXVA-S",
197,"Servicios Industriales y Ecología, S.A. de C.V.","Ignacio Aldama  No. 301 
Col. Petromex, C.P. 93290
Poza Rica de Hidalgo, Veracruz
Tel.  (01) 782 821 05 85
kmendez@serviec.mx
",30,Veracruz de Ignacio de la Llave,131,Poza Rica de Hidalgo,,"Suelos y materiales semejantes a suelos, contaminados con hidrocarburos;  suelos contaminados con ácidos o bases",30-V-54-12,8889,14/12/2012,14/12/2022,,"OTR1-LS
PILA-S
LAND-S
PILA-LS
LAND-LS
OXIQ-LS
NEUQ-LS
LAVS-LS
EXVA-S
BVAE-S",OTR1-LS: PRETRATAMIENTO DE SUELOS AFECTADOS DE AGUA SALADA
198,"Suministro e Instalaciones Industriales del Sureste, S.A. de C.V.","Av. Melchor Ocampo No. 1402-6
Col. María de la Piedad, C.P. 96410
Coatzacoalcos, Veracruz
Tel.  (01) 921 212 70 76 
jaime.vicencio@siissadelsureste.com
",30,Veracruz de Ignacio de la Llave,39,Coatzacoalcos ,,"Suelos y materiales semejantes a suelos, contaminados con hidrocarburos",30-V-56-12,9200,19/12/2012,19/12/2022,,"PILA-LS
LAND-LS
OXIQ-LS",
199,"Grupo Desarrollador de Inmuebles, S.A. de C.V.","Calle Corfu  No. 83
Col. Residencial Santa Elena, C.P. 93240
Poza Rica de Hidalgo, Veracruz
Tel.  (01) 782 821 08 30
rgarcia@gdimx.mx
",30,Veracruz de Ignacio de la Llave,131,Poza Rica de Hidalgo,,"Suelos y materiales semejantes a suelos, contaminados con hidrocarburos;  suelos contaminados con ácidos o bases",30-V-55-12,9201,19/12/2012,19/12/2022,,"OTR1-LS
PILA-S
LAND-S
PILA-LS
LAND-LS
OXIQ-LS
NEUQ-LS
LAVS-LS
EXVA-S
BVAE-S",OTR1-LS: PRETRATAMIENTO DE SUELOS AFECTADOS DE AGUA SALADA
200,"Proyectos Industriales y Ecológicos CIFHER, S.A. de C.V.","Calle Californias No. 1263 
Col. Camino Real, C.P. 91800 
Veracruz, Veracruz
Tel.  01(229) 924 1080
cifhersadecv@gmail.com
",30,Veracruz de Ignacio de la Llave,193,Veracruz,,Suelos contaminados con hidrocarburos,30-V-62-12,5,8/1/2013,8/1/2023,,"LAND-S
OXIQ-LS
BVAE-S
EXVA-S",
201,"Ecologística y Construcción, S.A. de C.V.","Calle Román Marín No. 2313 
Col. Benito Juarez Norte, C.P. 96576 
Coatzacoalcos, Veracruz
Tel.  01(921) 213 79 40
ecocon_coatza@yahoo.com.mx
",30,Veracruz de Ignacio de la Llave,39,Coatzacoalcos ,,Suelos contaminados con hidrocarburos,30-V-57-12,4,8/1/2013,8/1/2023,,"LAND-S
OXIQ-LS
BVAE-S
EXVA-S",
202,Consorcio Ambiental y Constructores Especialistas S.A. de C.V.,"Av. Ignacio Zaragoza No. 304-203 
C.P. 96400, Col. Centro
Coatzacoalcos, Veracruz 
Tels. 01(921) 212 91 40, (922) 166 00 46 
consorcioambiental11@hotmail.com
",30,Veracruz de Ignacio de la Llave,39,Coatzacoalcos,,"Suelos y materiales semejantes a suelos, contaminados con hidrocarburos",30-V-09-13,2471,22/03/2013,22/03/2023,,"PILA-LS
LAND-LS
OXIQ-LS
EXVA-S
BVAE-S",
203,"Energy Fringe, S.A de C.V.","Avenida 11 No. 305
Col. Centro
C.P. 94500, Cordoba, Veracruz
Tel. 01(271)1552215
energyfringe@yahoo.com.mx",30,Veracruz de Ignacio de la Llave,44,Córdoba,,Suelos contaminados con hidrocarburos,30-V-24-13,5633,22/07/2013,22/07/2023,,"PILA-LS
LAND-LS
OXIQ-LS
EXVA-S
BVAE-S
",
204,"Constructora, Maquinarias y Servicios CALO S.A. de C.V.","Miguel Hidalgo No. 79
Col. Insurgentes Norte
C.P. 96710, Minatitlán, Veracruz
tel. 01(922)24 18021
calo_constructora@hotmail.com",30,Veracruz de Ignacio de la Llave,108,Minatitlán,,"Suelos y materiales semejantes a suelos, contaminados con hidrocarburos",30-V-26-13,7851,1/10/2013,1/10/2023,,"LAND-S
OXIQ-LS
EXVA-S
BVAE-S",
205,"Abastecimientos e Ingeniería del Sureste, S.A. de C.V.","Ferrocarril No. 817
Col. Adolfo López Mateos
C.P: 96490, Coatzacoalcos, Veracruz
Tel. 01(271) 1553610
abastecimientoseis@yahoo.com.mx",30,Veracruz de Ignacio de la Llave,39,Coatzacoalcos,,Suelos contaminados con hidrocarburos,30-V-30-13,8585,25/10/2013,25/10/2023,,"EXVA-S
BVAE-S
PILA-LS
LAND-LS
OXIQ-LS
",
206,LUZA Technologies S.A. de C.V.,"Calle Guillermo Prieto No. 50
Col. Insurgentes Norte
C.P. 96710, Minatitlán, Veracruz
tel. 01(922)22 13565
luzatech@telmexmail.com",30,Veracruz de Ignacio de la Llave,108,Minatitlán,,"Suelos y materiales semejantes a suelos, contaminados con hidrocarburos",30-V-09-14,1752,4/3/2014,4/3/2024,,"EXVA-S
OXIQ-LS
PILA-LS
LAVS-LS
LAND-LS",
207,"AMBIENTÁLICA, S.A. de C.V.","Av. Nicolás Bravo No. 601
Col. Centro   C.P. 96400
Coatzacoalcos, Veracruz
Tel. 01(921) 142 83 30
ambientalica_mex@yahoo.com.mx 
",30,Veracruz de Ignacio de la Llave,39,Coatzacoalcos,,"Suelos y materiales semejantes a suelos, contaminados con hidrocarburos",30-V-35-15,5304,26/06/2015,26/06/2025,,"LAND-S
BVAE-S
PILA-LS  ",
208,"Lemargo Industrial, SA de CV","Av Universidad Veracruzana Km 6.7 Frac Rancho Alegre II, Coatzacoalcos, Ver.",30,Veracruz de Ignacio de la Llave,39,Coatzacoalcos,3500 m3/mes,"Residuos contaminados con hidrocarburos provenientes de tanques de almacenamiento, separadores API y recortes de perforación",30-39-PS-V-01-94,11233,19/12/1994,Vigencia indefinida,,OTR1-LS,"OTR1-LS: 
Tratamiento a un lado del sitio por Precipitación química y separación física de las fases sólida y líquida por centrifugación y filtración"
209,"ECOLSUR, S.A. de C.V.","Calle 60  No. 525-B 
Col. Ampliación Ciudad Industrial,  C.P. 97390 
Uman, Yucatán 
Tel./Fax 01(999) 942 21 21 
francisco.medina@ecolsur.com.mx
",31,Yucatán,101,Uman,,"Suelos y materiales semejantes a suelos, contaminados con hidrocarburos","31- V-07-17 
PRORROGA    ",1574,17/02/2017,17/02/2022,"Transferencia de Autorización de Ecología del Mayab, S.A. de C.V.   a   ECOLSUR, S.A. de C.V. 
Oficio DGGIMAR.710/001958 del 8 de marzo de 2012. Se otorgó prórrogra por cinco años.
Oficio DGGIMAR.710/0001574 del 17 de febrero de 2017","LAVS-LS 
LAND-LS",
210,Mesil S.A de C.V.,"Calle Bravo No.1834
Col. Obrera
C.P 87090 Cuidad Victoria, Tamaulipas
Tel. 01(834)312-3482
biorremediacion@mesil.mx",28,Tamaulipas,41,Victoria,,Suelos contaminados con hidrocarburos,28-V-60-16,10309,15/11/2016,15/11/2026,,"PILA-LS
LAND-LS",
211,Sociedad Ecologica Mexicana del Norte S.A de C.V.,"Calle La Madrid No.2241
Col. Republica de oriente
C.P 25280 Saltillo, Coahuila
Tel. 01(844)4501-330
javier.calderon@ecolimpio.com.mx",5,Coahuila,30,Saltillo,,"Suelos contaminados con hidrocarburos, materiales semejantes a suelos contaminados, suelos contamionados con ácidos y bases, suelos contaminados con metales y metaloides.",05-V-63-16,10958,8/12/2016,8/12/2026,,"OXIQ-FS
NEUQ-FS
SOLI-FS",
212,Grupo Ancuri S.A de C.V.,"Calle Dr. Lucio 103 No. Ext B 121 Leo Int. 703
Col. Doctores
C.P. 06720 Cuauhtémoc, Ciudad de México
Tel. (01-55) 55-88-70-31
grupoancuri@yahoo.com.mx",9,Ciudad de México,15,Cuauhtémoc,,Suelos contaminados con hidrocarburos,9-V-71-16,11039,13/12/2016,13/12/2026,,"BVAE-S
EXVA-S
LAND-S
PILA-LS
OXIQ-LS
LAVS-LS",
213,Proyectos de Ingeniería y Protección Ambiental S.A de C.V.,"Calle Francisco I. Madero No.301
Col. Centro
C.P 96400 Coatzacoalcos, Veracruz
Tel. 01(922)131-3462
banktobe@yahoo.com.mx",30,Veracruz de Ignacio de la Llave,39,Coatzacoalcos,,"Suelos contaminados, materiales semejantes a suelos contaminados.",30-V-66-16,11043,13/12/2016,13/12/2026,,"LAND-S
BVAE-S
EXVA-S
PILA-LS
LAND-LS
OXIQ-LS
NEUQ-LS
",
214,"Fletes y Materiales Forsis.
S.A. DE C.V.","Autopista Monterrey-Cadereyta Km 32.5 
67450 Cadereyta Jiménez, Nuevo León 
Tel. 01 (782) 825-6455
qhse.poza@forsis.com.mx",19,Nuevo León,9,Cadereyta Jiménez,,"Suelos contaminados, materiales semejantes a suelos contaminados.",19-V-04-17,1575,17/02/2017,17/02/2027,,"LAND-S
LAND-LS
OXIQ-LS
",
215,"PLANEACIÓN Y PROYECTOS DE INGENIERÍA, S.C.","Avenida Insurgentes Sur No. 594 Int. 502 
Col. Del Valle.
03100, Benito Juárez, Ciudad de México 
Tel. 01 (55) 55-36-82-30
mramirez@ppimex.com.mx
",9,Ciudad de México,14,Benito Juárez,,"Suelos contaminados, materiales semejantes a suelos contaminados.",09-V-23-17,4203,26/05/2017,26/05/2027,,"BVAE-S
EXVA-S
PILA-LS",
216,FERCAM ENVIRONMENTAL S.A. DE C.V.,"Avenida San Guillermo No. 179. Col San Alfonso, C.P. 43845, Zempoala, Hidalgo.",13,Hidalgo,83,Zempoala,,"Suelos contaminados, materiales semejantes a suelos contaminados.",13-V-25-17,5117,23/06/2017,23/06/2027,,"LAND-S
BVAE-S
EXVA-S
PILA-LS
OXIQ-LS",
217,"KOOS, S.A. DE C.V.","Calle 5 de mayo No. 44 
C.P. 96700, Colinia Centro, Minatitlán, Veracruz. 
Tel. 01 (921) 1640-376
",30,Veracruz de Ignacio de la Llave,108,Minatitlán,,"Suelos contaminados, materiales semejantes a suelos contaminados.",30-V-28-17,6007,28/07/2017,28/07/2027,,"LAND-LS
PILA-LS
",
218,"CORPORATIVO AMBIENTAL VAP, S.A. DE C.V.","Juan Pablo, No. 104 B
Col. Hacienda de Juan Pablo.
78130, San Luis Potosí. S.L.P. 
Tel. 01 (833) 1521-966
",24,San Luis Potosí,28,San Luis Potosí,,"Suelos contaminados, materiales semejantes a suelos contaminados.",24-V-31-17,7072,31/08/2017,31/08/2027,,"LAND-S
BVAE-S
EXVA-S
PILA-LS
OXIQ-LS",
219,UHP PROJECT S.A. DE C.V.,"Juan de Grijalva No Ext. 211, Int.1 
Col. Rafael Hernández Ochoa.
96550, Coatzacoalcos, Veracruz. 
Tel. (921) 2105-125 ",30,Veracruz de Ignacio de la Llave,39,Coatzacoalcos,,"Suelos contaminados, materiales semejantes a suelos contaminados.",30-V-41-17,9336,28/11/2017,28/11/2027,,"LAND-S
BVAE-S
EXVA-S
PILA-LS
OXIQ-LS
NEUQ-LS",
