No.,Empresa,Dirección,Municipio,Clave Municipio,Estado,Clave Estado,Teléfono,Tipo de Residuo,No. de Autorización,Vigencia Inicio,Vigencia Término,Capacidad (ton/año)
1,"Tratamiento Ecológico de Residuos, S.A. de C.V.","Calzada Vista al Mar No. 1542, Col. Vista al Mar",Ensenada,1,Baja California,2,(55) 5026 7000,"Agua contaminada con hidrocarburos (aguas con aceites, líquidos acuosos contamindos de diferentes procesos productivos; lodos de la separación primaria de aceite/agua/sólidos; lodo generado por separación gravitacional de aceite/agua/sólidos durante el almacenamiento o tratamiento de aguas residuales de proceso y aguas residuales aceitosas de enfriamiento, lodos generados de aguas de enfriamiento aceitosas y lodos generados en unidades de tratamientos biológicos; aguas de enfriamiento aceitosas; lodos y natas generados en unidades de tratamientos biológicos)",02-IV-67-15,21/12/2015,21/12/2025,"36,000"
2,"Guaycan Químicos y Petrolíferos, S.A. de C.V.","Carretera a San Felipe Km. 13.5, Col. 4 División 2 Delegación Cerro Prieto C.P. 21600",Mexicali,2,Baja California,2,(686) 592 93 12,"Reciclaje de residuos peligrosos, consistentes en hidrocarburos, keroseno, nafta, aceite gastado, diesel y combustóleo usados, para la formulación de combustible alterno.",2-IV-52-10,25/06/2010,25/06/2020,"5,900"
3,"Ing Servicios Profesionales, S.A. de C.V.","Blvd. Anáhuac No. 423, Centro Cívico y Comercial, 21000",Mexicali,2,Baja California ,2,(686) 564 0808,"Refrigerantes gastados particularmente Tricloromonofluorometano, Diclorodifluorometano conocidos comercialmente como R-11 y R-12.",2-IV-10-13,15/05/2013,15/05/2023,40
4,"Technologies Displays Mexicana, S.A. de C.V.","Calzada Robledo Industrial No. 460, Desarrollo Industrial del Colorado, Lote 1 Manzana 4.",Mexicali,2,Baja California,2,(686) 559 51 00                                                                                                                                                                            Ext. 5341,Reciclaje de tubos de rayos catódicos y vidrío con plomo a partir de monitores y televisores de desecho.,2-IV-22-10,27/04/2010,27/04/2020,"108,000"
5,"Industria Química de Aceites y Combustibles, S. de R.L.","Av. Ejercito Libertador s/n, Lote 15, Col. Anexo Emiliano Zapata, Delegación González Ortega",Mexicali,2,Baja California,2,(686) 132  70 53,Aceites lubricantes usados,2-IV-38-16,16/06/2016,16/06/2026,"1,560"
6,"Recicladora Temarry de México, S.A. de C.V.","Carretera Federal No. 2 Mexicali-Tijuana Km 121, Col. San Pablo",Tecate,3,Baja California,2,(665) 655 14 62,"Solventes y disolventes orgánicos gastados: solventes aromáticos (tolueno, xileno, benceno, etil benceno, m-cresol) y solventes alifáticos e hidrocarburos (nafta, n-pentano, n-hexano, n-heptano, espiritus minerales, VM&P nafta, solventes stoddard, keroseno (JP)); aceites usados; inflamables con aminas gastadas; hidrocarburos y combustibles gastados; alcoholes usados (metanol, isopropanol, etanol, alcohol n-butílico, alcohol isobutílico, ciclohexanol, n-hexanol); cetonas usadas (acetonas, metil etil cetona, dietil cetona, metil n-propil cetona, cetona); polioles y ésteres usados (glicol, etilen glicol, propilen glicol, etil glicol monobutil éter, etilen glicol monoetil éter, etilen glicol monometil éter); ésteres (acetatos de metilo, acetato de etilo, acetato de isobutilo, acetato de n-butilo, amil acetato, proplanato de n-butilo); terpenos usados (dipentano, turpentina, espíritus de turpentina); resinas y polímeros usados; pinturas usadas; sólidos caducos de la industria farmacéutica; soluciones acuosas (desechos/residuos de aminas, tetra hidrofuranos y mezcla de solventes, aceites, hidrocarburos, refrigerantes, anticongelante (polioles, glicoles y esteres)); sólidos impregnados con solventes orgánicos (desechos/adhesivos y derivados con ácido metacrillato, metil metacrilato, 2,6 di-butil-p-cresol, sílica amorfa, inflamables con trazas de residuos con cloruro de metilo, ácido trifluroacético, dimetil formamida, de resina epóxica y oxiranos, de resina poliuretano, de residuos de pintura de látex, de dos fases: sólido-gel de sales de grinnard) y mezcla de sólidos inflamables (trapos, borra, madera, sólidos de pintura, papel, equipo de protección personal, cartón, resinas, contaminados con solventes orgánicos tales como alcoholes, cetonas, hidrocarburos, aromáticos, alifáticos, naftas, esteres y terpenos, así como sólidos de pintura, barnices, lacas y selladores base solventes).",02-IV-59-14 (Prórroga),24/10/2014,24/10/2019,"40,978"
7,"Baja Wastewater Solution, S. de R.L. de C.V.","Eusebio Kino No. 113 Fracc. Garita de Otay, C.P. 22430",Tijuana,4,Baja California,2,(664) 647 50 20,"Sustancias y/o soluciones acuosas usadas y residuales (ácidos y alcalinos), con caracteríticas de corrosividad, reactividad, inflamabilidad y toxicidad, derivados de procesos industriales y de servicio por el manejo de materiales, sustancias y materiales peligroso, soluciones residuales contaminadas con goma, silicón, aceites, grasas y pinturas, y soluciones contaminadas con fundante (flux) en operaciones de limpieza de circuitos electrónicos.",2-IV-55-11,28/07/2011,28/07/2021,"4,552"
8,"Grupo Ambiental del Noroeste, S. de R.L. de C.V.","Calle Maquiladoras No. 3458-B, Ciudad Industrial Sección Dorada",Tijuana,4,Baja California,2,(664) 607 28 61,"Solventes usados (thiner, alcohol, acetona, metil etil cetona, halogenados y no halogenados), hidrocarburos usados (aceites lubricantes gastados, diesel contaminado y combustóleo) y formulación de combustible alterno sólido (blending)",02-IV-36-08,09/07/2008,09/07/2018,"27,438"
9,"Industrias P. Kay de México, S.A. de C.V.","Calle de la Brea No. 3, Meseta del Chema, Col. Monte de los Olivos, C.P. 22225",Tijuana,4,Baja California,2,(664) 625 83 65,Soldadura de estaño/plomo con diferentes aleaciones o soldaduras de estaño libre de plomo en diferentes aleaciones a partir de óxidos metálicos de soldaduras de residuos electrónicos y residuos de plomo provenientes de terceros.,02-IV-70-14,04/12/2014,04/12/2024,"4,000"
10,"Lavandería Industrial Maypa, S.A. de C.V.","Calle Mar Bermejo No. 22, Ciudad Industrial, Garita de Otay, C.P. 22509 ",Tijuana,4,Baja California,2,(664) 640 50 54,Lámparas fluorescentes/bulbos y de vapor de mercurio.,02-IV-30-14,02/05/2014,02/05/2024,480
11,"Lavandería Industrial Maypa, S.A. de C.V.","Calle Mar Bermejo No. 22, Ciudad Industrial, Garita de Otay, C.P. 22509 ",Tijuana,4,Baja California,2,(664) 640 50 54,Aceites gastados e hidrocarburos residuales.,02-IV-31-14,02/05/2014,02/05/2024,"3,960"
12,"Nueva Exportadora Latina de México, S.A. de C.V.","Km 153.5 Carretera Mexicali-Tijuana, Poblado El Florido, C.P. 22237",Tijuana,4,Baja California,2,(664) 626 80 20,Elaboración de combustible alterno a partir de aceite usado.,02-IV-65-14 (Prórroga),31/10/2014,31/10/2019,"7,262.40"
13,"Óxidos y Pigmentos Mexicanos, S.A. de C.V.","Calle 2 Oriente No. 137, Cd. Industrial Nva. Tijuana C.P. 22500",Tijuana,4,Baja California,2,(664) 647 22 33,Reciclaje de plomo y óxido de plomo a partir de baterías automotrices e industriales usadas.,02-IV-38-13,19/12/2013,19/12/2018,"20,750"
14,"Prodyservma, S.A. de C.V.","Lote No. 4 de las fracciones XIX y XX del Rancho San Isidro Ajojol, Valle Redondo.",Tijuana,4,Baja California,2,(664) 2556 4774,"Líquidos y lodos acuosos aceitosos; aguas residuales de procesos industriales con sólidos suspendidos; líquidos y lodos sin tratar de tanques de almacenamiento con substancias tóxicas; residuos de aceites lubricantes gastados; aceites solubles e insolubles residuales de las operaciones industriales, lodos provenientes de las operaciones del desengrasado, aceites gastados de corte y enfriamiento de operaciones de talleres de maquinado, solventes no halogenados gastados, residuos del lavado con solventes, residuos ácidos o alcalinos, lodos y líquidos de purgas de ácido; residuos de las operaciones de limpieza, alcalina o ácida; pinturas base agua y solventes provenientes de las operaciones de pintado y limpieza; líquidos y lodos oleosos o de alquitrán de tanques; fondos de tanques de almacenamiento; aceites aromáticos, nafténicos; ácido acético, clorhídrico, sulfúrico; residuos y lixiviados con metales tóxicos; lodos de plantas de tratamiento y lodos residuales provenientes de procesos industriales.",02-IV-78-14,19/12/2014,19/12/2024,"80,000"
15,"*Solver, S.A. de C.V.","Meseta del Chema No. 2500, Col. Monte de los Olivos",Tijuana,4,Baja California,2,(664) 625 93 87,"Soluciones acuosas ácidas y alcalinas, solventes sucios, aceites contaminados y residuos de pintura",2-4-PS-V-01-93,05/01/1994,Indefinida,"134,515"
16,"Servicios Ambientales Mexicanos, S.A. de C.V.","Sebastián Vizcaíno No. 420 y 422, Fraccionamiento Garita de Otay, 22430",Tijuana,4,Baja California,2,(664)624 4455,"Aserrín, plástico, equipo de protección personal (overoles, guantes, mascarillas, mandiles), toallas, algodón, papel, cartón, filtros de carbón y otros sin metales, trapos, esponjas impregnados con solventes; pinturas, alcoholes, resinas, ciclohexanona, etil metil cetona, rebaba y/o pasta de soldadura libre de plomo, tintas, adhesivos, silicones, hidrocarburos, polvo de lacas, grasa y aceite.",02-IV-45-16,26/08/2016,26/08/2026,"3,000"
17,"Industrial de Grasas y Derivados, S.A. de C.V.","Km. 36 Carretera Libre Tijuana-Tecate, El Carricito",Tijuana,4,Baja California,2,(664) 621 74 10,"Reciclaje de aceite lubricante usado, generado en actividades industriales, para su posterior utilización como combustible alterno",02-IV-55-16,26/10/2016,26/10/2026,"2,400"
18,"Maquilas Químicas Industriales, S.A. de C.V.","Libramiento José López Portillo Km. 10.8 B, Lote 4, Fraccionamiento Presas de las Casas",Arteaga,4, Coahuila,5,(844) 417 42 90,"Solventes gastados (acetato de etilo, acetato de butilo, alcohol isopropilico, butanol, metanol, etanol, tolueno, metil isobutil cetona, xilol, thiner, acetona, trietil amina), ciclohexano, terbutanol, gas nafta, aromina 100, aromina 150, aromina 200, 2 etilhexanol, pm acetato, acrilato de metilo, acrilato de etilo, acrilato de butilo, alcohol diacetona, hexilenglicol, monoetilenglicol, butilcellosolve, propilenglicol, dimetilacetamida, benceno, acetonitrilo, dimetilformamida, morfolina, etilendiamina, tetrahidrofurano, metilterbutiléter, metilisobutilcabinol, diisobutilcetona, piridina, alcohol amílico, éter etílico, éter isopropílico, clorobenceno, metilpropilcetona, amilmetilcetona, aminas terciarias (diisopropilmetilamina y diisopropiletilamina), ácidos orgánicos gastados (ácido acético, ácido piválico, ácido p-toluensulfónico y anhídrido acético), así como aceites gastados.",5-IV-06-08,26/05/2008,26/05/2018,"11,295"
19,"Sociedad Ecológica Mexicana del Norte, S.A. de C.V.",Predio junto al Ejido Noria de la Sabina,General Cepeda,11,Coahuila,5,(844) 450 13 30,"Aceite con agua o emulsionado; aceite gastado de corte y enfriamiento; filtro de aceite automotriz desechados; filtro de aire descartados y desechados en sistemas de ventilación industrial e institucional; fluidos de transferencia de calor gastados y/o contaminados; líquidos desecantes; líquidos y lodos a base de hidrocarburos susceptibles a valorización como combustible alterno; líquidos y semisólidos con hidrocarburos olefínicos; lodos aceitosos; lodos de procesos de recuperación de solventes; lodos del fondo de destilación resultantes del reciclaje de solventes; lodos y desechos resultantes del reciclaje de solventes; lodos y desechos resultantes del reciclaje de aceites lubricantes; natas con solventes; oligomeros; pintura base solvente seca fuera de especificación y/o caducas; pintura base agua fuera de especificación y/o caduca; polímeros no biodegradables; productos polimerizados caducos o fuera de especificaciones de la industria de los plásticos; productos polimerizados caducos o fuera de especificaciones de la industria de pegamentos y pinturas; residuos con base de hidrocarburos alifáticos y aromáticos; residuos de productos para preservación de madera; solventes contaminados; trapos contaminados con pintura; trapos, estopas, toallas, papel, cartón, filtros de papel, ropa de trabajo contaminados con aceites y grasas provenientes de fábricas y talleres de servicio; sólidos textiles de desecho, uniformes, toallas, trajes tyvek, contaminados con residuos provenientes de la industria farmacéutica; sólidos textiles de desecho, uniformes, toallas, trajes tyvek, contaminados con residuos provenientes de la industria química de la transformación, envasados en recipientes metálicos sellados; licores gastados del proceso de decapado de lámina y placa en la industria del hierro y el acero; lodos contaminados con hidrocarburos; lámparas fluorescentes; residuos y materiales provenientes de la industria automotrices, de maquila, de plantas armadoras, de la industria en general y de dependencias gubernamentales para su destrucción fiscal; utilización de residuos ácidos y alcalinos para su co-procesamiento como medio de neutralización; envases y contenedores metálicos y plásticos de diferentes tamaños que contuvieron residuos peligrosos",05-IV-39-16,20/06/2016,20/06/2026,"236,500"
20,"Minera del Norte, S.A. de C.V. (Unidad Mimosa)","Calle Camino Real Palaú-Santa María Km. 6, Palaú.",Múzquiz,20,Coahuila,5,(864) 611 66 00                                                                           Ext. 6733,Reciclaje de aceites usados automotriz e industrial que se generan del mantenimiento de maquinaria y equipo del proceso de minado.,5-IV-05-11,14/02/2011,14/02/2021,"345,000"
21,"Geocycle México, S.A. de C.V. Planta Ramos Arizpe (antes Ecoltec, S.A. de C.V. Planta Ramos Arizpe)","Km. 23.5, Carr. Saltillo-Monterrey",Ramos Arizpe,27,Coahuila,5,57240000,"Elaboración de combustible alterno a partir de tierras contaminadas con hidrocarburos, residuos sólidos, envases vacios que contuvieron plaguicidas con triple lavado y residuos líquidos.",5-IV-25-15,18/05/2015,18/05/2025,"328,900"
22,"Ingeniería y Ciencias Aplicadas, S.A. de C.V.","Industria Automotriz No. 3045, Parque Industrial Ramoz Arizpe, 25900.",Ramos Arizpe,27,Coahuila,5,(52) 844 1344535,"Tratamiento de aguas madres de la industria metalmecánica para  la recuperación de aminas (Dimetilpropilamina, Dimetilisopropilamina, Dimetiletilamina y Trietilamina).",5-IV-98-10,27/08/2010,27/08/2020,"2,004"
23,"Fábrica de Asfaltos Emulsionados de Alto Rendimiento, S.A. de C.V.","Brittingham y Luis F. García s/n, Cd. Industrial Torreón, C.P. 27019",Torreón,35,Coahuila,5,(871) 750 61 29,"Aceites lubricantes gastados, mismos que serán utilizados para la formulación de combustible alterno.",5-IV-89-11,19/12/2011,19/12/2021,"6,912"
24,"Lubricantes Juguer, S.A. de C.V.","Domingo Valdés Llano, Ciudad Industrial",Torreón,35,Coahuila,5,(871) 750 62 83,Aceites lubricantes usados para la formulación de combustible alterno,5-IV-11-13,15/05/2013,15/05/2023,500
25,"Pro Ambiente, S.A. de C.V. (Planta Blender)","Carretera Federal No. 30 Km 4, Fraccionamiento Loreto, C.P. 27397",Torreón,35,Coahuila,5,(871) 730 68 05,"Reciclaje de residuos peligrosos en su modalidad elaboración de combustible alterno. Los residuos peligrosos susceptibles de ser manejados para el uso autorizado serán aquellos que se establecen en la Norma Oficial Mexicana NOM-052-SEMARNAT-2005, así como materiales impregnados con los mismos, mezclas de ellos y aquellos que por sus características no puedan ser empleados para el fin que fueron elaborados, o su calidad no permita usarlos en el proceso que los generó, a excepción de los siguientes: Bifenilos policlorados en concentración superior a 50 ppm, plaguicidas organoclorados y organofosforados a excepción de los envases vacíos que los contuvieron y que fueron sometidos a triple lavado, dioxinas y dibenzofuranos policlorados, residuos radioactivos, gases comprimidos, residuos biológico infecciosos,hexaclorobenceno, hexaclorobutadieno y hexacloroetano, cianuros en donde éste sea el agente primario, baterías enteras, explosivos, circuitos y componentes electrónicos, y residuos del manejo de la fibra de asbesto.",5-IV-75-16,16/12/2016,16/12/2026,"117,000"
26,"Geocycle México, S.A. de C.V. Planta Tecoman (antes Ecoltec, S.A. de C.V. Planta Tecomán)",Km 1.5 Carretera a Caleras ,Tecomán,9,Colima,6,57 24 00 00,"Elaboración de combustible alterno a partir de residuos peligrosos, así como materiales susceptibles de ser coprocesados o reciclados, a excepción de: Bifenilos policlorados en concentración superior a 50ppm, plaguicidas organoclorados y organofosforados a excepción de los envses vacíos que fueron sometidos a triple lavado, dioxinas y dibenzofuranos policlorados, residuos radioactivos, gases comprimidos, residuos biológico infecciosos, hexaclorobenceno, hexaclorobutadieno y hexacloroetano, cianuros en donde éste sea el agente primario, baterías enteras, explosivos, circuitos y componentes electrónicos, y residuos del manejo de la fibra de asbesto.",6-IV-34-09 (Prórroga),17/04/2009,17/04/2019,"100,800"
27,"Servicios Ambiotrat, S.A. de C.V.",Sierra del Peguis No. 11804 Col. Sierra Azul 31390.,Chihuahua ,19,Chihuahua ,8, (614) 446 50 67,"Reciclaje de agua con aceite, aceites y lubricantes usados, aceite de maquilado, aceite emulsificado, aceites gastados en las operaciones de tratamiento en caliente de metales, aceites gastados de corte y enfriamiento en las operaciones de troquelado, fresado, taladrado y esmerilado, para la elaboración de combustible alterno.",8-IV-73-09,28/08/2009,28/08/2019,"7,200"
28,"Luar Metales, S.A. de C.V.","Calle Tampico No. 10913, Col. Granjas Polo Gamboa, C.P. 32550",Ciudad Juárez,37,Chihuahua,8,656 33 09 37,Escoria de soldadura con plomo.,08-IV-60-14,27/10/2014,27/10/2024,80
29,"Soldadura de México, S.A. de C.V.","Circuito Interior No. 460, Parque Industrial Salvarcar 32575",Ciudad Juárez,37,Chihuahua,8,(656) 630 00 32,"Soldadura estaño-plomo o libre de plomo, soldadura de pasta obsoleta o fuera de especificaciones, estaño-plomo o libre de plomo, contenedores de plástico vacíos contaminados con soldadura en pasta estaño plomo o libre de plomo, toallas de papel, estopas, y trapos impregnados con soldadura en pasta estaño plomo o libre de plomo, malla de cobre impreganada con soldadura en pasta.",08-IV-01-14,15/01/2014,15/01/2024,"1,500"
30,"South American Metals, S. de R.L. de C.V.","Camino a Rimqim S/N, Ex-Hacienda Samalayuca, Acesso Relleno Sanitario y Camino Vecinal",Ciudad Juárez,37,Chihuahua,8,10 88 24 49,Acumuladores usados de plomo-ácido para la recuperación de plomo metálico y polipropileno.,8-IV-65-08,11/12/2008,11/12/2018,"24,000"
31,Jorge Alberto Casasola Cuevas,"Calle Maestro Lucio Tapia Mz. 6 Lote 16 Int. B, Col. Zona Escolar 07230",Gustavo A. Madero ,5,Ciudad de México,9,22 07 00 35,Aceite mineral usado,09-IV-67-14,13/11/2014,13/11/2024,"2,592"
32,Andrés Cureño Pérez,Segunda Cerrada de Peña Gorda Mz.  18 Lt. 42 Col. Cuautepec de Madero 07200,Gustavo A. Madero ,5,Ciudad de México,9,53 03 55 88,"Reciclaje In situ de aceite hidraulico, de corte y de temple usado.",9-IV-44-15,10/09/2015,10/09/2025,792
33,"Deforx, S.A. de C.V.","Nautla No. 64, Col. San Juan Xalpa, C.P. 09850",Iztapalapa,7,Ciudad de México,9,56 14 13 13,"Líquido fotográfico usado y película, para la recuperación de plata metálica.",9-IV-24-14 (Prórroga),27/03/2014,27/03/2019,228
34,"Guilsil, S.A. de C.V.",Calle España 321-A Col. Cerro de la Estrella ,Iztapalapa,7,Ciudad de México,9,54 43 88 10,"Escorias de fundiciones de cobre, bronce con plomo, latón y latón con plomo",9-IV-44-08,13/08/2008,13/08/2018,"11,520"
36,"Productos Lubriform, S.A.","Rumanía No. 923, Col. Portales",Benito Juárez,14,Ciudad de México,9,56 04 63 94                                                                                             56 04 66 88,Reciclaje de aceites lubricantes industriales usados,9-3-PS-V-02-93,03/05/1994,Indefinida,540
37,"Química Sarc, S.A. de C.V.","Orinoco No. 78, Col. Zacahuitzo.",Benito Juárez,14,Ciudad de México,9,55 39 31 95,Aceite lubricante usado.,09-IV-02-14,22/01/2014,22/01/2024,302
38,Tomás Ibarra del Toro,"Avenida Tlahuac No. 6646, Col. Zapotitlán",Tlahuac,11,Ciudad de México,9,58 41 41 79,"Solventes orgánicos (acetato de butilo; mezclas de thiner, benceno, butano, ciclohexano, dioxano, alcohol etílico, éter monoetilico del etilenglicol, acetato de éter, acetato de etilo; mezcla de etilmetilcetona, heptano, isopropanol, metanol, metilisobutilcetona; destilados del petróleo (hexano, heptano, tolueno, gas nafta, gasolina, diésel, combustóleo), agua contaminada con disolventes en medio ácido y agua contaminada con disolventes en medio alcalino), cloruro de metileno; tolueno-hexano; acetona-metanol; removedor de pintura y thiner",09-IV-30-17,11/08/2017,11/08/2027,"8,870.40"
39,"Distribuidora de Combustibles Laguna, S.A. de C.V.","Carretera Federal Gómez Palacio a Cd. Juárez km 14, Parque Industrial SIMSA, Ejido Competencia, C.P. 35135",Gómez Palacio,7,Durango,10,(871) 750 23 71,"Negro de humo, mezcla de solventes y aceite usado para la formulación de combustible alterno.",10-IV-35-14,08/05/2014,08/05/2024,"24,000"
40,"Energéticos Industriales de la Laguna, S.A. de C.V.","Calle Canelas No. 409, 2a Etapa Parque Industrial Lagunero",Gómez Palacio,7,Durango,10,87 17 19 01 49,"Aceites lubricantes usados (aceites automotrices usados, aceites usados de  corte y enfriamiento de las operaciones de troquelado, fresado, taladrado y esmerilado) provenientes de la industria metalmecánica y automotriz.",10-IV-08-09,19/02/2009,19/02/2019,"2,200"
41,"Recuperadora Ambiental del Bajío, S.A. de C.V.","Av. Dolores Hidalgo No. 480 Manzana 7 Lote 3, Fracc. Ciudad Industrial",Irapuato ,17,Guanajuato,11,(462) 112 85 99,Filtros automotrices usados,11-IV-09-12,02/03/2012,02/03/2022,"6,000"
42,"Sistemas de Tratamiento Ambiental, S.A. de C.V.","Av. Salamanca Esq. Av. Del Canal s/n Cd. Industrial, 36570",Irapuato ,17,Guanajuato,11,(462) 627 23 32,"Elaboración de combustible alterno a partir de disolventes orgánicos, aceites gastados de corte y enfriamiento en las operaciones de troquelado, fresado, taladrado y esmerilado, residuos de disolventes empleados en el lavado de los equipos de proceso, gasolina, diesel y naftas gastados o sucios provenientes de estaciones de servicio y talleres automotrices, aceites lubricantes, aceites hidráulicos y aceites dieléctricos (libres de PCB) usados, textiles impregnados con residuos peligrosos, envases de plástico impregnados con residuos peligrosos, plásticos impregnados con residuos peligrosos, madera contaminada impregnadas con residuos peligrosos, sólidos impregnados con residuos peligrosos libres de metales y papel y cartón contaminado con residuos peligrosos, solventes gastados y/o mezclas de solventes usados en desengrase, solventes gastados o pasados y/o mezclas de solventes no halogenados, solventes gastados y/o mezclas de solventes halogenados, fondos de columnas de la manufactura o recuperación de solventes halogenados y no halogenados, residuos líquido, lodos o sólidos flamables y/o combustibles, sedimentos o lodos generados de los procesos de tratamiento de aguas, con un poder calorífico mayor a 2,700 kcal/kg.",11-IV-117-10,25/10/2010,25/10/2020,"6,000"
43,"Diator, S.A. de C.V.",Curtidor No. 550 Colonia Industrial Julián de Obregón C.P. 37290 ,León,20,Guanajuato,11,(477) 711 89 89,Elaboración de combustibles alternos a partir de aceite reciclado,11-IV-84-11,16/12/2011,16/12/2021,"5,520"
44,"Pochteca Materias Primas, S.A. de C.V. (Planta León)","Blvd. José María Morelos No. 3751, Colonia Purísima de Jerez, C.P. 37290",León,20,Guanajuato,11,(477) 101 58 00,"Solventes gastados, tales como: acetato de butilo, acetato de etilo, acetona, alcohol butílico, alcohol isopropilico, éter butílico de monoetilenglicol (butil cellosolve), gas nafta, heptano, hexano, metanol, metil etil cetona (mek), thiner, tolueno y xilol.",11-IV-50-14,30/09/2014,30/09/2024,"24,000"
45,Martha Alicia Boites Jiménez,"Boulevard Unión de Curtidores No. 308, Parque Industrial Ecológico de León, Terreno 19 Manzana 3.",León,20,Guanajuato,11,(477) 470 97 61,"Recuperación y reciclaje de plomo metálico, sulfato de magnesio y propileno a partir de acumuladores automotriz e industrial (baterías usadas), residuos de procesos industriales con contenido de plomo, así como tierras y polvos con plomo.",11-IV-93-10,29/07/2010,29/07/2020,"17,100.80"
46,"Aleaciones Metalúrgicas, S.A. de C.V.","Av. Circuito Oleoducto No. 313, Fracc. Ciudad Industrial",León,20,Guanajuato,11,(477) 763 55 24,"Reciclaje de plomo metálico a partir de acumuladores usados automotrices e industriales, así como de polvos, tierras de plomo, dross, rebabas y pedacería de plomo.",11-IV-58-15,19/11/2015,19/11/2025,"7,425"
47,"Carboquimica Block, S.A. de C.V.",Km 85 de la Carretera Panamericana Tramo Celaya-Salamanca  36881,Salamanca,27,Guanajuato,11,(464) 642 0346,"Reciclaje de Solventes Orgánicos tales como: alcoholes, benceno, tolueno, acetona, acetato de etilo, creosota, isopropanol, xileno, etilbenceno, cumarona, indeno, naftaleno y aceite pesado por antraceno.",11-IV-65-12,19/12/2012,19/12/2022,"15,050"
48,"Geocycle México, S.A. de C.V. Planta Acapulco (antes Ecoltec, S.A. de C.V. Planta Acapulco)","Av. Lázaro Cárdenas S/N, Col. La Sabana",Acapulco de Juárez,1,Guerrero,12,57 24 00 00,Elaboración de combustible alterno a partir de residuos peligrosos.,12-IV-68-08 (Prórroga),19/11/2008,19/11/2018,"15,000"
49,"Pro Ambiente, S.A. de C.V. (Planta Huichapan)",Ejido El Maney ,Huichapan,29,Hidalgo,13,83 28 37 12,"Reciclaje de residuos peligrosos en su modalidad elaboración de combustible alterno. Los residuos peligrosos susceptibles de ser manejados para el uso autorizado serán aquellos que se establecen en la Norma Oficial Mexicana NOM-052-SEMARNAT-2005, así como materiales impregnados con los mismos, mezclas de ellos y aquellos que por sus características no puedan ser empleados para el fin que fueron elaborados, o su calidad no permita usarlos en el proceso que los generó, a excepción de los siguientes: Bifenilos policlorados en concentración superior a 50ppm, plaguicidas organoclorados y organofosforados a excepción de los envases vacíos que los contuvieron y que fueron sometidos a triple lavado, dioxinas y dibenzofuranos policlorados, residuos radioactivos, gases comprimidos, residuos biológico infecciosos,hexaclorobenceno, hexaclorobutadieno y hexacloroetano, cianuros en donde éste sea el agente primario, baterías enteras, explosivos, circuitos y componentes electrónicos, y residuos del manejo de la fibra de asbesto.",13-IV-01-08 (Prórroga),11/01/2008,11/01/2018,"79,000"
50,"Sistemas Integrales en el Manejo de Residuos Industriales, S. de R.L.","Av. Central Norte 1, Lt. 5 Mz. 832, Parque Industrial Tepeji del Río",Tepeji del Río de Ocampo,63,Hidalgo,13,56 82 5730,"Lodos de galvanoplastia; lodos con hidrocarburos; lodos con pentaclorofenol; asbesto; lodos con plaguicidas órgano-halogenados; lodos con plaguicidas órgano fosforados; lodos con dicloroetano; lodos con zinc, hierro, aluminio, níquel, cobre, plomo, cadmio y cromo; así como cenizas provenientes de la incineración de residuos peligrosos",13-IV-06-15,25/09/2015,25/09/2025,"6,048"
51,"Recicladora Mexicana de Aceites Lubricantes, S.A. de C.V. (antes Alfa Procesos, S.A. de C.V.)","Calle Norte 2 Lt. 10 Mz. 1, Ciudad Industrial de Tizayuca, C.P. 43800",Tizayuca,69,Hidalgo,13,(779) 796 40 58,Elaboración de combustible alterno a partir de aceite gastado.,13-IV-54-14 (Prórroga),19/09/2014,19/09/2019,"14,000"
52,"BVD Equipos de Vacío, S.A. de C.V.","Camino Huitzila- Tizayuca No. 271, Col. Huitzila",Tizayuca,69,Hidalgo,13,(55) 53 35 34 72,Aceites lubricantes automotrices o industriales usados.,13-IV-18-14,28/02/2014,28/02/2024,"3,700"
53,"Funofec, S.A. de C.V.","Calle Norte 2 Lt. 9, Mz. 1, Col. Zona Industrial, C.P. 43860.",Tizayuca,69,Hidalgo,13,144 37 70 75,Baterías ácido-plomo usadas.,13-IV-19-11,02/03/2011,02/03/2021,"5,100"
54,"Lingotiza, S.A. de C.V.","Oriente 5 Lt. 24, Mz. 7, Fracc. Industrial 43800",Tizayuca,69,Hidalgo,13,(779) 796 27 13,Escorias de cobre para la recuperación de cobre.,13-IV-08-08,30/01/2008,30/01/2018,913
55,"Metalúrgica Delta, S. de R.L. de C.V.","Av. 16 de Enero de 1869 No. 49 Col. Huitzila, C.P. 43820",Tizayuca,69,Hidalgo,13,(779) 100 23 32,"Escorias de cobre, concentrados minerales de cobre, sulfatos de cobre, carbonatos de cobre, óxidos de cobre, lodos de recuperación de electrólisis de cobre y escorias de bronce, estaño y zinc contaminadas con lodos, tierras y escorias de cobre.",13-IV-18-12,25/04/2012,25/04/2022,"12,168"
56,"*Tizaquim, S.A. de C.V.","Lote 5 Subdivisón lote 15 Mza. 8, Ciudad Industrial",Tizayuca,69,Hidalgo,13,(779) 796 35 47,Solventes orgánicos y organoclorádos,13-69-PS-V-01-94,01/12/1994,Indefinida,540
57,"Tizaquim, S.A. de C.V.",Lote 15 Subdivisión Lote 5 Manzana 8. Fracc. Industrial. C.P. 43800.,Tizayuca,69,Hidalgo,13,(779) 796 35 47,"Solventes sucios, colas de destilación, pinturas, aceites y resinas para la formulación de combustible alterno.",13-IV-01-11,10/01/2011,10/01/2021,"18,000"
58,"L'ete, S.A. de C.V.","Calle Sur 2, Mz. 6, Lt 21 Ciudad  Industrial Tizayuca, C.P.  43800",Tizayuca,69,Hidalgo,13,(779) 796 28 66,"Hidrocarduros gastados, mezclas de alcoholes gastados (aguas madres y metanol con agua),acetona gastada (solvente acuoso y solvente orgánico)",13-IV-50-16,02/09/2016,02/09/2026,"18,600"
59,"Interamericana de Aceites y Lubricantes, S.A. de C.V.","Cuauhtémoc s/n Col. Centro 43860 Tolcayuca, Hidalgo. Tel. 01 (743) 741 1000",Tolcayuca,75,Hidalgo,13,(743) 741 10 00,"Aceites lubricantes usados,  solventes gastados y usados, hidrocarburos gastados, combustóleo sucio o gastado, diesel y biodiesel sucio o gastado y gasolina sucia o gastada para la elaboración de combustible alterno.",13-IV-49-16,02/09/2016,02/09/2026,"68,400"
60,"Combustibles Ecológicos de Acatic, S.A. de C.V.","Camino Real al Refugio No. 60, Col. Extramuros, C.P. 45470",Acatic,1,Jalisco,14,(33) 2400 2659,"Aceites lubricantes, industriales, hidráulicos y refrigerantes para elaboración de combusible alterno.",14-IV-32-15,10/09/2015,10/09/2025,"7,000"
61,"Cuprosa, S.A. de C.V.","Calle 4 No. 2734, Zona Industrial, 44940",Guadalajara,39,Jalisco,14,(333) 645 70 05,"Lodos con alto contenido de cobre, níquel, cadmio, plomo y zinc para su extracción y uso en el proceso de producción de sulfatos de cobre, níquel, cadmio, plomo y zinc.",14-IV-50-12,27/11/2012,27/11/2022,"18,000"
62,"Fimex, S.A. de C.V.","Dr. Michel No. 1649, Col. Atlas C.P. 44780",Guadalajara,39,Jalisco,14,(33) 38 37 27 36,Aceite gastado y aceite lubricante usado.,14-IV-34-13,19/12/2013,19/12/2023,204
63,"Galber, S.A. de C.V.","Calle 2 No. 2711, Zona Industrial",Guadalajara,39,Jalisco,14,01 33 30 01 61 30 ,Reciclaje de residuos peligrosos (proceso de reciclaje de lodos con alto contenido de níquel para su extracción y uso en el proceso de producción de sulfato de níquel),14-IV-77-08,15/12/2008,15/12/2018,444
64,"Ecología Integral Empresarial, S.A. de C.V.","Carretera Acueducto-Chapala No. 2000-B, Predio Los Arcos, Ex hacienda de Santa Rosa",Ixtlahuacán de los Membrillos,44,Jalisco,14,(33) 39 44 15 08,Aceite usado contaminado con hidrocarburos y solventes contaminados con hidrocarburos para la obtención de combustible alterno,14-IV-20-14,23/04/2014,23/04/2024,"1,408"
65,"Eco Amere, S.A. de C.V.","Calle  Cuatro No. 10559, Parque Industrial El Salto, C.P. 45680",El Salto,70,Jalisco,14,(33) 38 09 02 67,"Disolventes orgánicos, aceites gastados de corte y enfriamiento en las operaciones de troquelado, fresado, taladrado y esmerilado, residuos de disolventes empleados en el lavado de los equipos de proceso, gasolina, diesel y naftas gastados o sucios provenientes de estaciones de servicio y talleres automotrices, aceites lubricantes e hidráulicos usados, y aceites dieléctricos gastados (libres de BPCs)",14-IV-39-12,23/08/2012,23/08/2022,"21,840"
66,"Sion Acumuladores, S.A. de C.V.","Km. 3 Carretera El Salto a la Capilla, camino al cónico No. 5 en el Castillo.",El Salto,70,Jalisco,14,(333) 632 66 59,"Reciclaje a partir de baterías automotrices e industriales de desecho, así como residuos de procesos industriales con contenido de plomo con el fin de recuperar plomo, plásticos de la caja y tapa del acumulador (polipropileno) y electrolito (ácido sulfúrico)",14-IV-91-09,08/10/2009,08/10/2019,"7,500"
67,Manuel Pérez García,"Lago Janitzio No. 7, Fracc. Playas de Cajititlán, C.P. 45670",Tlajomulco de Zúñiga,97,Jalisco,14,(33) 31 61 86 40                                       31 61 10 98,Escoria provenientes de la fundición de chatarra de aluminio,14-IV-67-12,19/12/2012,19/12/2022,780
68,"Inlubsa, S.A. de C.V.","Calle de la Rosa No. 782, Col. Altagracia, Zona Industrial Norte",Zapopan,120,Jalisco,14,(33) 36 56 12 38,Aceite lubricante gastado.,14-IV-11-14,02/05/2014,02/05/2024,"25,000"
69,"Química Rimsa, S.A. de C.V.","Km. 19 Carretera a Nogales, La Venta del Astillero.",Zapopan,120,Jalisco,14,(01 55) 544 999 00                                                                                                                           (01 33) 315 100 46,Reciclaje de aceite hidráulico y lubricante usado para la formulación de combustible alterno.,14-IV-86-10,12/07/2010,12/07/2020,"15,000"
70,"Comercial Mexicana de Pinturas, S.A. de C.V.","Marcos Achar Lobatón No. 6, Tepexpan.",Acolman,2,Estado de México,15,16 69 14 23,"Disolventes gastados o sucios, derivado de la limpieza de los equipos de envasado de pintura y elaboración de resinas.",15-IV-37-11,31/05/2011,31/05/2021,"1,100"
71,"Derequim, S. de R.L. de C.V. (antes Proveedora y Suministros de Envases La Huasteca, S. de R.L. MI)","2a Cerrada de Jacarandas Mz. 17, Lt. 24, Col. Ampliación Guadalupe",Acolman,2,Estado de México,15,36 12 19 46,"Reciclaje de tambores metálicos y de plástico, contenedores de plástico y porrones de plástico, que contuvieron materiales y/o residuos peligrosos y solventes gastados.",15-IV-09-09,12/03/2009,12/03/2019,"2,416"
72,Lissete Angélica De la Barrera Lugo (antes Angélica Lugo García),"Calle Conquista s/n, Col. Plan de Guadalupe",Acolman,2,Estado de México,15,57 77 38 84,Elaboración de combustible alterno a partir de aceite lubricante automotriz usado,15-IV-17-16 ,07/04/2016,07/04/2026,"120,000"
73,"Geocycle México, S.A. de C.V. Planta Apaxco (antes Ecoltec, S.A. de C.V. Planta Apaxco)","Carretera Estatal Progreso-Apaxco, Km 0.1 s/n, Col. El Salitre, C.P. 55660",Apaxco,10,Estado de México,15,(599) 998 4854 Ext. 352225,"Elaboración de combustible alterno a partir de residuos peligrosos, a excepción de los siguientes residuos: Bifenilos policlorados en concentración superior a 50 ppm, plaguicidas organoclorados y organofosforados a excepción de los envases vacíos que los contuvieron y que fueron sometidos a triple lavado, dioxinas y dibenzofuranos policlorados, residuos radioactivos, gases comprimidos, residuos biológico infecciosos, hexaclorobenceno, hexaclorobutadieno y hexacloroetano, cianuros en donde éste sea el agente primario, baterías enteras, explosivos, circuitos y componentes electrónicos y residuos del manejo de la fibra de asbesto.",15-IV-37-17 (Prórroga),26/09/2017,26/09/2027,"126,000"
74,"Grupo RRJM, S.A. de C.V.","Calle Cerrada Malaquías Huitrón s/n, Mz. 1, Lt. 41 Col. San Lorenzo Tetlixtac. 55714.",Coacalco de Berriozábal,20,Estado de México,15,58 91 64 00,Reciclaje de aceite lubricante usado para su reuso en motores automotrices.,15-IV-122-10,10/12/2010,10/12/2020,"1,944"
75,"Industrias Deutsch, S.A. de C.V.","Antoine Lavoisser No. 51, Col. Parque Industrial Coamatla",Cuautitlán,24,Estado de México,15,58 72 57 47,"Reciclaje de polvillos de plomo antimonial, residuos de plomo antimonial y rejillas de plomo y óxidos de plomo de acumuladores sin caja, para la recuperación de plomo antimonial metálico.",15-IV-29-13 (Prórroga),17/09/2013,17/09/2023,"13,104"
76,Carlos Oswaldo Romero Hernández,Carretera México-Pirámides Km. 34 Col. Tepexpan C.P. 55885 ,Acolman,2,Estado de México,15,(55) 6580 2623,"tambores metálicos y de plástico impregnados con residuos peligrosos tales como lubricantes, grasas y/o aceites minerales y/o vegetales; pinturas y/o los productos para su fabricación; solventes orgánicos e inorgánicos (Thiner, cetona, xileno, hexano, benceno, tolueno, alcohol metílico, alcoholes, esteres); petróleo crudo; derivados del petróleo (gasolina, turbosina, diésel, petróleo diáfano, asfalto, chapopote, gas avión, breas); lacas; tintas; poliol; silicón; ácidos; cloruro de polivinilo; impermeabilizantes y/o los productos para su fabricación; hidrocarburos aromáticos; perfumes y/o los productos para su fabricación; esencias y/o los productos para su fabricación y pegamentos base agua y base solvente y/o los productos para su fabricación.",15-IV-12-17,12/05/2017,15/05/2027,"8,044"
77,"Especialidades Químicas Globales de México, S.A. de C.V.","Fundidores No. 30, Fraccionamiento Industrial Xhala, C.P. 54714",Cuautitlán Izcalli,24,Estado de México,15,5872 4097 EXT. 114,"Mezclas de acetato butilo-butanol-agua, metanol-agua, …isobutil cetona-agua, xilenos, etilen glicol -agua, MIBK-tolueno, solvente-pintura y solventes-agua",15-IV-02-17,13/02/2017,13/02/2027,"9,000"
78,"Reind Química, S. de R.L. de C.V. (Antes Reind Química, S.A. de C.V.)","Antiguo Camino a Chimalhuacán S/N Colonia San José Chicoloapan, C.P. 56370  ",Chicoloapan de Juárez,29,Estado de México,15,59 21 59 21 ,"Residuos peligrosos líquidos y sólidos, tales como aceites gastados, natas o lodos de pintura, pintura caduca, solventes; mezclas de solventes con alto contenido de dicloroetano y tricloroetileno en matrices sólidas, semisólidas y líquidas; combustibles intemperizados tales como fondos de tanques de crudo y combustibles derivados del petróleo para ser incorporados al proceso de formulación de combustible alterno y efluentes provenientes de su planta de tratamiento de aguas residuales, siempre y cuando dichos efluentes sean susceptibles de ser usados como combustible alterno.",15-IV-33-09 (Prórroga),17/04/2009,17/04/2019,"4,320"
79,"*Reind Química, S.A. de C.V.","Camino antiguo a Chimalhuacan S/N, Col. San José Chicoloapan",Chicoloapan de Juárez,29,Estado de México,15,59 21 53 20                                                                                                          59 21 50 19                                                                                      59 21 59 21 ,"Solventes clorados y organoclorados, y tambores sucios.",15-29-PS-V-04-94,06/05/1994,Indefinida,"11,040"
80,Adrián Carrillo Mendoza,Calle Limón No. 20 Col. Potrero del Rey,Ecatepec de Morelos,33,Estado de México,15,55 41 70 13,Residuos de pinturas y esmaltes,15-IV-46-08,14/08/2008,14/08/2018,32.4
83,Rigoberto Esquivel Gómez,"Niños Héroes Mz. 19, Lt. 8, Col. Miguel Hidalgo",Ecatepec de Morelos,33,Estado de México,15,57 88 43 40,Envases usados de metal y plástico,15-IV-10-09,11/03/2009,11/03/2019,"1,673"
84,"Impulsora Mexicana de Productos Químicos, S.A. de C.V.",Vicente Lombardo Toledano No. 89 Col. Miguel Hidalgo. C.P. 55490. ,Ecatepec de Morelos,33,Estado de México,15,55 69 03 71,"Solventes usados tales como acetona, acetato de butilo, acetato de etilo, acetato de isopropilo, acetato de cellosolvente, alcohol butilico, metil etil cetona, metil isobutil cetona, metil cellosolve, butil cellosolve, cellosolve, propanol, hexano, isopropanol, metanol, tolueno, xileno, cloruro de metilo, tricloroetano y percloroetileno, así como para la formulación de combustible alterno a partir de las colas o fondos de destilación de solventes.",15-IV-09-16 (Prórroga),07/04/2016,07/04/2021,"1,094"
85,"Industrial Mondelo, S. de R.L. de C.V.","Calle Industrial Electrónica No. 1, Mza. 2, Lte. 12, Ex Hacienda Doña Rosa, Parque Industrial",Lerma,51,Estado de México,15,53 59 84 11,"Acumuladores de vehículos automotores mismos que contienen plomo, pastas de plomo con óxidos de plomo y sulfatos de plomo, así como el reciclaje de concentrados metálicos.",15-IV-56-11,28/07/2011,28/07/2021,"180,000"
86,"Energéticos Ecológicos Miga, S.A. de C.V.","Carretera Federal México-Puebla Km. 21 + 500, Fraccionamiento Loma Encantada",La Paz,70,Estado de México,15,(55) 58 55 35 10,"Aceites usados, mezclas de aceite/agua y residuales de refinación.",15-IV-40-12,23/08/2012,23/08/2022,"16,200"
87,"Grupo Especializado en Control Ambiental, S.A. de C.V.","Capricornio No. 4, Col. Ex Hacienda de San Isidro",La Paz,70,Estado de México,15,5986 0080,"Solventes contaminados, así como de aceites lubricantes; aceites térmicos gastados; aceites hidráulicos gastados; aceites solubles y de corte y aceites minerales, para la elaboración de combustible alterno líquido.",15-IV-74-16,16/12/2016,16/12/2026,"21,000"
88,"RECSA, S.A. de C.V.","Carr. México-Pachuca Km 43.5 Int. C, Col. San Pedro Pozohuacan.",Tecámac,81,Estado de México,15,(596) 99 24 22,Elaboración de combustible alterno a partir de aceites lubricantes usados automotrices e industriales(excepto aquellos que contengan bifenilos policlorados).,9-IV-102-10,10/09/2010,10/09/2020,"14,000"
89,"Ecoltec, S.A. de C.V. (Planta Tenango)                                                           [Recuperadora Ecológica del Centro, S.A. de C.V. (Administración de residuos industriales, S.A. de C.V.) (BFI- Omega, S.A. de C.V.) (Quimica Omega, S.A. de C.V.)]","Lince No. 2 y 9, Col. Parque Industrial Tenango del Valle",Tenango del Valle,90,Estado de México,15,57 24 00 00,Solventes orgánicos gastados,15-IV-66-08 (Prórroga),19/11/2008,19/11/2018,"12,000"
90,"Ecoltec, S.A. de C.V. (Planta Tenango)                                                                                         [Recuperadora Ecológica del Centro, S.A. de C.V. (Administración de residuos industriales, S.A. de C.V.)                             (BFI- Omega, S.A. de C.V.) (Quimica Omega, S.A. de C.V.)]","Lince No. 2 y 9, Col. Parque Industrial Tenango del Valle",Tenango del Valle,90,Estado de México,15,57 24 00 00,Elaboración de combustible alterno a partir de residuos peligrosos,15-IV-67-08 (Prórroga),19/11/2008,19/11/2018,"18,000"
91,"Inmobiliaria Martínez Buschbeck, S.A. de C.V.","Km 21.5 Carretera Teoloyucan-Huehuetoca, Col. Sta. María Caliacac",Teoloyucán,91,Estado de México,15,53 62 77 80                                                                                                                              (593) 914 03 49,"Reciclaje de mezclas de solventes gastados, derivados principalmente de las siguientes sustancias: Dimetil cetona, metil etil cetona, metil isobutil cetona, ciclohexanona, xilenos, tolueno, benceno, hexano, heptano, gasolventes, gas nafta, aromina 100, aromina 150, metanol, isopropanol, propanol, butanol, isobutanol, 2-etil hexanol, acetato de metilo, etilo, butilo, isobutilo, isopropilo, cellosolve, acetato de butil cellosolve, cloruro de metileno, cloroformo, tricloroetileno, percloroetileno, orto-diclorobenceno, monoetilenglicol, dietilenglicol, trietilenglicol y mezclas de thiner y aguarrás, así como para la formulación de combustible alterno a partir de los solventes recuperados, aceites usados, natas de pintura de aceites, natas de tintas, combustóleo y lodos de destilación.",15-IV-50-09,28/05/2009,28/05/2019,"1,014"
92,Juan Salvador Reyna García,"Calle sin nombre s/n, Barrio de Santiago, C.P. 56000",Tezoyuca,100,Estado de México,15,29 34 63 66,"Solventes gastados, tales como: disolventes empleados en el lavao de los equipos de proceso.",15-IV-55-14,30/09/2014,30/09/2024,720
93,Juan Salvador Reyna García,"Calle sin nombre s/n, Barrio de Santiago, C.P. 56000",Tezoyuca,100,Estado de México,15,29 34 63 66,"Envases vacíos de plástico, vidrio, cartón y metal que contuvieron materiales peligrosos o residuos peligrosos",15-IV-18-15,01/05/2015,18/05/2025,"20,363"
94,"La Batería Verde, S.A. de C.V.","Camino Sin Nombre S/N, 56000.",Tezoyuca,100,Estado de México,15,(594) 934 42 35,"Acumuladores automotrices (baterías) usados para recuperar plomo metálico, sulfato de sodio y propileno.",15-IV-12-10,26/02/2010,26/02/2020,"36,000"
95,Miguel Ángel Velázquez Reyes,"Calle de Pasto s/n, Col. Barrio de Santiago",Tezoyuca,100,Estado de México,15,55 6580 2623,"Envases metálicos y de plástico, y contenedores de plástico, que contuvieron materiales y/o residuos peligrosos",15-IV-33-17,31/08/2017,31/08/2027,"4,336"
96,Daniel Ángel Ríos Mirafuentes,Av. Monasterios # 5 Parque Industrial Santiago Tianguistenco 52600,Santiago Tianguistenco ,101,Estado de México,15,713 52 0 11,Solventes orgánicos líquidos sucios o usados consistentes en: Cloruro de metilo y otros solventes.,15-IV-29-09 (Prórroga),17/04/2009,17/04/2019,"2,250"
97,"Quimigal, S.A. de C.V. (*Casa Gálvez)","Carr. Tenango-La Marquesa Km. 21, Col. Santiago Tilapa",Santiago Tianguistenco ,101,Estado de México,15,(713) 131 07 07,Reciclaje de residuos peligrosos consistentes en solventes gastados,15-IV-64-08 (Prórroga),19/11/2008,19/11/2018,"6,000"
98,"Adhesivos y Productos Químicos Industriales, S.A.","Crucero de San Rafael s/n, Col. San Rafel",Tlalnepantla de Baz,104,Estado de México,15,53 10 27 01,"Reciclaje de asbesto en polvo generado de la actividad de recortar, delinear y rebajar piezas de balata, para la elaboración de impermeabilizante de asfalto base asbesto.",15-IV-77-07 (Prórroga),17/12/2007,17/12/2017,100
99,"Aceites Especiales, S.A. de C.V.","Av. Independiencia Ote. 1700, Zona Industrial Toluca",Toluca,106,Estado de México,15,(722) 214 97 35,"Solventes gastados tales como tolueno, xileno, metil etil cetona, metil isobutil cetona, alcohol etílico, alcohol metílico, alcohol isopropílico, acetato de etilo, acetato de isopropilo, acetato de butilo, butanol, acetato de isoamilo, acetato de amilo, gas NAFTA, etilenglicol provenientes de terceros.",15-IV-45-14,18/07/2014,18/07/2024,"13,680"
100,Blas San Juan Martínez,"Calle Sauce No. 105, Col. Palmillas, C.P. 50285",Toluca,106,Estado de México,15,(722) 286 83 31,Reciclaje de plata metálica a partir de liquido fijador cansado,15-IV-16-15,15/04/2015,15/04/2025,200
101,Jorge Alberto Tinoco Fuerte,Río Consulado s/n Col. Ampliación las Torres 54901,Tultitlán,109,Estado de México,15,58 67 57 29,"Envases metálicos y de plástico, así como contenedores de plástico, que contuvieron pintura, resinas o solventes",15-IV-19-08,22/04/2008,22/04/2018,"2,412"
102,"Rayo de México, S.A.",Paseo de Tultitlan No. 17 Rancho San Miguel Barrio Santiaguito 54900,Tultitlan,109,Estado de México,15,58 88 23 40,Plomo y tierras de zinc provenientes del proceso de galvanizado por inmersión de plomo-zinc; y escorias y polvos colectados de los procesos de fundición de aluminio y plomo.,15-IV-20-11,04/03/2011,04/03/2021,"1,500"
103,"Soluciones Ambientales Alternas, S.A. de C.V.","Calle Cuarta Sur No. 39, Col. Independencia, C.P. 54914",Tultitlán,109,Estado de México,15,58 31 69 11,Aceites usados.,15-IV-12-12,21/03/2012,21/03/2022,"2,400"
104,"U.S. Technologies, S.A. de C.V.","Av. Independencia No. 28, Col. Independencia. C.P. 54900. ",Tultitlán,109,Estado de México,15,58 84 92 09,"Aceite grafitado sucio, aceite lubricante sucio, anticongelante, líquido de frenos y líquido limpiaparabrisas",15-IV-15-08,26/03/2008,26/03/2018,"11,164"
105,"Envases y Laminados, S.A. de C.V.","Av. Dos No. 5-A, Parque Industrial Cartagena, C.P. 54918",Tultitlán,109,Estado de México,15,58 88 08 75,Envases usados impregnados de residuos peligrosos,15-IV-35-16,15/06/2016,15/06/2026,"2,500"
106,"Unienvases Rectificados, S.A. de C.V.","Delfín No. 11 Rancho El Molino, Parque Industrial Cuautitlán Izcalli, C.P. 54800 ",Cuautitlán Izcalli,121,Estado de México,15,58 70 63 64,"Chatarra impregnada con resinas, solventes, pinturas y aceites.",15-IV-58-11,01/08/2011,01/08/2021,"2,160"
107,"Materias  del Comercio Exterior, S.A. de C.V.","Carpinteros Lt. 40, Mz. II, Distrito I-81-B, Fracc. Industrial Xhala",Cuautitlán Izcalli,121,Estado de México,15,69 93 25 80,"Xileno, tolueno, nafta ligera, nafta mediana, metil etil cetona, acetato de metilo, acetato de butilo, monoetilen glicol, dietilen glicol, base thiner",15-IV-47-16,26/08/2016,26/08/2026,"6,663"
108,"Química Wimer, S.A. de C.V.","Calle Tecamazuchitl S/N, Col. Ampliación Santa Catarina 56619.",Valle de Chalco Solidaridad,122,Estado de México,15,58 60 02 03,"Reciclaje de solventes clorados sucios, metanol contaminado, solventes aromáticos sucios, isopropanol contaminado, acetatos y acetonas sucios, butanol contaminado, solventes sucios mezclados y solventes alifáticos sucios; asimismo el reciclaje y recuperación de mercurio que se encuentra contenido en amalgamas y tubos fluorescentes, focos ahorradores, lámparas de sodio, tubos de luz ultravioleta, tubos de gas neón y todo tipo de alumbrado que contenga mercurio; y termómetros, manómetros, switches, relevadores, carbón activado contaminado con mercurio, equipo médico que contiene mercurio como esfigmomanómetros, pilas de óxido de mercurio; además del reciclaje de residuos peligrosos líquidos para la formulación de combustible, reciclaje de residuos peligrosos en estado sólido para su aprovechamiento energético, reciclaje de medicamentos caducos, reciclaje de aguas y líquidos residuales, valorización de metales provenientes de catalizadores gastados, electrónicos, eléctricos, celulares, etc. y co-procesamiento por neutralización de mezcla de aminas.",15-IV-56-15,19/11/2015,19/11/2025,"16,095"
109,"MG Recicles, S.A. de C.V.",Calle Norte 2 Lotes 4 y 5 Parque Industrial La Nopalera 59745,Ecuandureo,30,Michoacán,16,351 520 0820,Residuos peligrosos a partir de baterías usadas de los tipos automotrices y similares para la obtención de plomo y polipropileno.,16-IV-02-13,23/01/2013,23/01/2023,"48,000"
110,Eric Odranoel Bobadilla Quintero,"Oriente Dos No. 500, Ciudad Industrial",Morelia,53,Michoacán,16,01 44 33 23 00 34,"Reciclaje de plomo, a partir de baterías de plomo-ácido de todo tipo y tamaño, chatarra (material que contenga plomo, aleaciones, soldaduras, desperdicios metálico y metales no ferrosos) y escorias generadas de la fundición de hornos y pailas.",16-IV-13-09,11/03/2009,11/03/2019,"3,000"
111,"Construcciones Pesadas del Pacífico, S.A. de C.V.","Calle Acaponeta No. 63, Col. Morelos, 63080",Tepic,17,Nayarit,18,(311) 214 88 03,Reciclaje de residuos peligrosos para la elaboración de combustible alterno a partir de aceites gastados.,18-IV-06-13,25/02/2013,25/02/2023,645.48
112,"Barriles Metálicos, S.A. de C.V.","Eugenio A. Benavides No. 205 B, Col. Moisés Sáenz, C.P. 66615. ",Apodaca,6,Nuevo León,19,(81) 83 85 08 74 ,Reciclaje de aceites lubricantes gastados provenientes de actividades industriales y automotrices para la formulación de combustible alterno.,19-IV-11-11,14/02/2011,14/02/2021,660
113,"Falmet, S.A. de C.V. (antes Ametix, S.A. de C.V.)",Cecilio Garza No. 301 Fracc. El Milagro 66600,Apodaca,6,Nuevo León,19,(81) 8321 0009,"Rebabas, virutas, lingotes, pedacería, chorreaduras de fundición, polvos colectores y precipitadores electroestático, cenizas, óxidos, escorias, concentrados de metales, tierras con metálicos, óxidos y sulfuros minerales y concentrados minerales, tierras de acería, lodos con metálicos, secundarios de fundición, fundentes de escorias de aluminio y materiales con contenidos diversos de los siguientes metales: Cobre, zinc, plomo, níquel, estaño, aluminio, fierro, magnesio, antimonio y sus aleaciones, como son ligas de cobre, latón, bronce o cualquier otra mezcla con los metales señalados provenientes de terceros",19-IV-45-15,24/09/2015,24/09/2025,"17,600"
114,"Energroup, S.A. de C.V. (Antes Refinados y Lubricantes del Norte, S.A. de C.V.)",Km 28.5+200 de la Carretera Monterrey-Reynosa.,Cadereyta Jiménez,9, Nuevo León ,19, (81) 1 365 02 30,Aceite lubricante usado para la formulación de combustible alterno.,19-IV-78-09,24/08/2009,24/08/2019,"9,600"
115,Ingeniería y Desarrollos Petrolíferos S. de R.L. de C.V.,Libramiento Martínez Domínguez Km 4 ,Cadereyta Jiménez,9,Nuevo León,19,(81) 83 69 64 20,Elaboración de combustible alterno a partir de aceite lubricante automotriz usado y solvente usado,19-IV-01-13,08/01/2013,08/01/2023,"24,000"
116,"Asfaltos Energex, S.A. de C.V.",Libramiento Martínez Domínguez Km. 0.5 C.P. 67450.,Cadereyta Jiménez,9,Nuevo León,19,(818) 369 64 20,"Elaboración de combustible alterno a partir de aceites gastados de petróleo, industriales y automotrices, así como la materia prima para negro de humo.",19-IV-15-15,22/05/2015,22/05/2025,"35,000"
117,"Johnson Controls Enterprises México, S. de R.L. de C.V. (antes Enertec Exports, S. de R.L. de C.V.; *Enertec México, S. de R.L. de C.V.,  Acumuladores Mexicanos, S.A. de C.V. (Planta Cienega de Flores))","Carretera Monterrey Nuevo Laredo Km. 11.5,  C.P. 64740",Ciénega de Flores,12,Nuevo León,19,(81) 83299774 EXT 9774,Reciclaje de baterías usadas y residuos peligrosos con metales no ferrosos,19-IV-78-11,18/11/2011,18/11/2021,"254,085"
118,"Eléctrica Automotríz Omega, S.A. de C.V. (Planta Dr. González)","Av. Parque Industrial Dr. González Mz. 3, Lt. 9, Parque Industrial Dr. González",Doctor González,16,Nuevo León,19,(81) 83 34 95 08                                                                                  (81) 83 34 98 36,"Plomo metálico a partir de acumuladores automotrices e industriales usados o viejos, así como escorias de plomo.",19-IV-18-08 (Prórroga),16/04/2008,16/04/2018,"94,000"
119,"Corporación Pipsa, S.A. de C.V.","Carretera a Villa de García Kilometro 8.5, C.P. 66000.",García,18,Nuevo León,19,(81) 83 44 94 24                                     (81) 83 44 94 25,"Baterías plomo-ácido de desecho, desperdicios de baterías y plomo metálico, para la obtención de plomo metálico.",19-IV-32-13,04/11/2013,04/11/2023,"38,760"
120,"Energéticos Básicos, S.A. de C.V.","Libramiento Noreste No. 1017-A esquina con Alfa, Parque Industrial Mitras, C.P. 66001",García,18,Nuevo León,19,(81) 83 81 09 90,"Aceite lubricante usado, combustóleo recuperado de centrifugado de cámaras de barrido, fondos de combustóleo de lodos centrifugados, hidrocarburos pesados de petróleo, diésel y gasolina contaminados, y solventes recuperados como ciclohexano, tolueno, xilol, hexano, alcohol isopropílico, cetonas, butanol hexanol, tetrahidrofurano, alcohol etílico, acetona, heptanol, octanol.",19-IV-09-14,08/12/2014,08/12/2024,"32,000"
121,"Enertec Exports, S. de R.L. de C.V. (antes Enertec México, S. de R.L. de C.V.)","Carretera a García Km 9.5 No. 9500, C.P. 66000",García,18,Nuevo León,19,(81) 80 63 59 82,"Acumuladores automotrices conteniendo: plomo, metales no ferrosos y polipropileno, para lo cual se reciben baterías usadas, sobre tarimas de madera, envueltas con strech film en almacén temporal, metales no ferrosos tales como placas, rejillas, óxidos de plomo, polvos de óxido de plomo, pasta de óxido de plomo y escoria de fundición de plomo, provenientes de las plantas de fabricación de baterías del promovente.",19-IV-38-10,30/03/2010,30/03/2020,"336,000"
122,"Meremex, S.A. de C.V.","Bronce 9387, Parque Industrial Mitras, C.P. 66000.",García,18,Nuevo León,19,(81) 83 81 08 16,Polvos de acerías para el enriquecimiento de óxidos metálicos de baja ley.,19-IV-31-13,12/11/2013,12/11/2023,"36,000"
123,"Procesos Químicos Especializados, S.A. de C.V.",Humberto Lobo #9342 Parque Industrial Mitras 66023,García,18,Nuevo León,19,(818) 381 02 80,"Catalizadores gastados y lodos de aguas residuales (lodos, escorias, baños gastados catalizadores agotados provenientes de la industria, automotriz, petroquímica, de metales, farmacéutica, electrónica y electroquímica) para la recuperación de níquel, cobre, cobalto, molibdeno, rodio, platino, paladio, vanadio, plata y oro.",19-IV-32-08,17/06/2008,17/06/2018,"7,800"
124,"Reciclajes y Destilados Monterrey, S.A. de C.V.",Níquel # 9219 Parque Industrial Ciudad Mitras ,García,18,Nuevo León,19,(818) 381 03 95                                                                                                           (818) 381 06 36,"Acumuladores automotrices usados, tambores metálicos y de plástico, así como contenedores.",19-IV-34-08,01/07/2008,01/07/2018,"4,267"
125,"Reciclajes y Destilados de Monterrey, S.A. de C.V.","Poligonos No. 123, Parque Industrial Arco Vial, 66000",García,18,Nuevo León,19,(818) 381 06 36,"Solventes gastados: acetona, metil isobutil cetona, cloruro de metilo, percloroetileno, tolueno, xilol, alcohol isopropílico, acetato de butilo, nafta, ciclohexano, butanol, acetato de etilo, tetrahidrofurano, thinner, ácido piválico, etanol, metanol, ácido acético, dimetilacetamida, metil etil cetona, ácido 2 etil hexanoico, acetonitrilo, óxido de mesitilo.",19-IV-12-14,13/03/2014,13/03/2024,"8,424"
126,"Recmat de México, S. de R.L. de C.V.","Av. Humberto Lobo No. 9324, Col. Ciudad Industrial Mitras",García,18,Nuevo León,19,(55) 36 17 06 37,Baterías de tipo plomo ácido.,19-IV-42-14,30/06/2014,30/06/2024,"24,000"
127,"Refinados de Solventes, S.A. de C.V.","Platino No. 9434, Parque Industrial Mitras 66001.",García,18,Nuevo León,19,(81) 8 372 18 31,"Reciclaje de aceite lubricante gastado, lubricantes e hidráulicos, automotrices o industriales, así como elaboración de combustible alterno",19-IV-94-10,19/08/2010,19/08/2020,"8,000"
128,"Soluciones Ambientales Carriaga, S.A. de C.V.",Circuito Industrial Humberto Lobo No. 8110 Parque Industrial Mitras 66000 ,García,18,Nuevo León,19,(81) 80 04 01  94                    (81) 80 04 01 95                                         ,"Formulación de combustible alterno a partir de los siguientes residuos: aceites usados (de corte y enfriamiento de fresado, taladrado, troquelado, hidráulicos, automotrices parafínicos, aromáticos, naftenicos, sintéticos, dieléctricos libres de bifenilos policlorados), aceites gastados y residuos de los baños de aceite en las operaciones de tratamiento térmico de metales, aceites solubles en ácidos de los procesos de alquilación de hidrocarburos), solventes de fondos de destilación, solventes de lavado, solventes sucios, hidrocarburos contaminados y sucios, residuos de tanques de almacenamiento, lodos aceitosos, lodos contaminados con solventes, lodos con grasas, lodos de resinas, plásticos, monómeros, polímeros, adhesivos, pinturas, carbón activado agotado, natas de aceites, y aserrín contaminado con cualquiera de estos residuos.",19-IV-66-12,19/12/2012,19/12/2022,"11,335"
129,"Soluciones Ambientales Carriaga, S.A. de C.V.",Circuito Industrial Humberto Lobo No. 8110 Parque Industrial Mitras 66000 ,García,18,Nuevo León,19,(81) 80 04 01  94                    (81) 80 04 01 95,"Tierras y cenizas con alto contenido de metales provenientes de los procesos de inmersión en caliente, rebabas o virutas de proceso, de equipo de molienda u hornos de fundición, dichos residuos contienen zinc, aluminio y cobre contaminados con arsénico, bario, cadmio, mercurio, plomo, plata, níquel o selenio, y reciclaje de polioles.",19-IV-68-12,08/01/2013,08/01/2023,"1,300"
130,"Tranquilida Integral en Residuos, S.A. de C.V.","Humberto Lobo No. 9338, Parque Industrial Mitras. C.P. 66001",García,18,Nuevo León,19,(81) 83 81 08 65,"Elaboración de combustible alterno a partir de aceites gastados (aceite automotriz, lubricante e hidráulico) o su acondicionamiento para su reutilización.",19-IV-19-13,07/06/2013,07/06/2023,"6,750"
131,"*Residuos Industriales Multiquim, S.A. de C.V.","Av. Lázaro Cárdenas No. 2400 poniente, Col. San Agustín",San Pedro Garza García,19,Nuevo León,19,52 (81) 81 52 21 00                                                                                                                              81 52 21 63 ,"Disolventes orgánicos y clorados, aceites solubles industriales y aceites lubricantes para elaboración de combustible alterno",19-37-PS-VII-01-93,15/10/1993,Indefinida,"96,000"
132,"Ecoquim, S.A. de C.V.","Avenida del acero No. 102, Comlpejo Industrial Mariano Escobedo",General Escobedo,21,Nuevo León,19,(81) 8 220 05 00 ,"Solventes orgánicos y organoclorados, aceites lubricantes e hidrosolubles, HC y mezclas acuosas, y tambores sucios que contenían el residuo.",19-21-PS-V-04-94,28/11/1994,Indefinida,"4,860"
133,"Guantes Industriales Rodríguez, S.A. de C.V.",Gilberto Caballero No.1013 Col. Andrés Caballero 66050,General Escobedo,21,Nuevo León,19,(81) 8 239 0734,Aceites lubricantes usados para la formulación de combustible alterno o bien para su reutilización,19-IV-53-12,17/12/2012,17/12/2022,"2,477"
134,"Productos Químicos el Rey, S.A. de C.V.","Libramiento Noreste Km. 27.5, General Escobedo",General Escobedo,21,Nuevo León,19,(818) 372 83 29,Cloruro ferroso.,19-IV-43-12,10/09/2012,10/09/2022,"10,938"
135,"*Quimicompuestos, S.A. de C.V.","Av. De la Fundión No. 318, Col. Parque Industrial Escobedo",General Escobedo,21,Nuevo León,19,(81) 8 384 84 84,Solventes sucios,19-21-PS-V-02-93,14/03/1994,Indefinida,"7,228"
136,"Univar de México, S.A. de C.V. (antes Químicompuestos, S.A.P.I de C.V.)","Av. De las Torres No. 207, Parque Industrial General Mariano Escobedo",General Escobedo,21,Nuevo León,19,(81) 83 84 83 02,Solventes gastados.,19-IV-51-14,30/09/2014,30/09/2024,"6,840"
137,Jorge Villanueva Gutiérrez,"Calle Primero de Mayo No. 324, Col. 21 de Enero, C.P. 6716",Guadalupe,26,Nuevo León,19,(81) 83 51 18 48,"Contenedores de lámina de diferentes capacidades, impregnados con aceite, pinturas, resinas, solventes o grasas.",19-IV-76-14,19/12/2014,19/12/2024,"1,756"
138,"Rockwell Automation Monterrey Manufacturing, S. de R.L. de C.V.","Camino Vecinal S/N No. 3051 Parque Industrial FINSA Guadalupe Aeropuerto, C.P. 67110",Guadalupe,26,Nuevo León,19,(81) 81 31 74 12,Escoria de soldadura de plomo.,19-IV-64-14,31/10/2014,31/10/2024,25
139,"Retalsa, S.A. de C.V. ","Av. Libertad No. 316, Fracc. Industrial La Silla 67199",Guadalupe,26,Nuevo León,19,83 61 09 48,"Reciclaje de tambores metálicos y de plástico impregnadaos con residuos peligrosos derivados del petróleo (aceites lubricantes automotrices, aceites industriales, grasas, aditivos, etc.) y mezclas de solventes utilizados en fabricación de pintura).",19-IV-15-17,29/06/2017,29/06/2027,592
140,Ezequiel Cruz Carreño,"Galeana No. 3212, Col. del Norte",Monterrey,39,Nuevo León,19,(81) 83 31 56 36,"Envases o recipientes tales como tambos, porrones, totes y cubetas.",19-IV-72-08,09/12/2008,09/12/2018,"1,000"
141,"*Maquiladora de Lubricantes, S.A. de C.V.","Calle Porfirio Treviño Arreola No. 233, Col. Del Norte",Monterrey,39,Nuevo León,19,,Aceites hidraulico usado,19-39-PS-V-06-94,25/11/1994,Indefinida,518.4
142,"*Novoaceites, S.A. de C.V.","Simón de Herrera y Leva No. 212-A, Col. Burocratas del estado",Monterrey,39,Nuevo León,19,,"Manejo de aceites lubricantes usados y otros residuos (estopas, trapos, filtros, cartón, aserrín impregnados con aceites, solventes sucios no clorados y residuos de pinturas)",19-39-PS-I-14-95,28/05/1995,Indefinida,s/c
143,"Petrotekno, S.A. de C.V.","Jerónimo Cardona No. 116-B, Col. Burócratas del Estado, C.P. 64380 ",Monterrey,39,Nuevo León,19,(81) 83 73 73 73,"Lodos de tanques de almacenamiento de petróleo crudo y sus derivados, lodos aceitosos,  residuos de petróleo crudo líquidos o sólidos, así como lodos intemperizados y semi intemperizados de hidrocarburos, generados por la industria del petróleo.",19-IV-54-11,26/07/2011,26/07/2021,"300,000"
144,"Reactimex, S.A. de C.V.","Av. Industrias No. 1200 C. Pte., Col. Bella Vista",Monterrey,39,Nuevo León,19,(81) 83 31 38 05,Fondos de destilación.,19-IV-05-14,22/01/2014,22/01/2024,250
145,"Ternium México, S.A. de C.V. Planta Churubusco (antes IMSA MEX, S.A. de C.V.)",Av. Chururbusco No. 1000 Fracc. Santa Fe 64560,Monterrey,39,Nuevo León,19,(818) 329 50 00,"Cloruro ferroso del proceso de decapado, para obtener ácido clorhídrico.",19-IV-14-16 (Prórroga),04/03/2016,04/03/2021,"118,150"
146,"Promotora y Transformadora de Energía, S.A. de C.V.","Av. de las Escuelas No. 400, Parque Industrial Alfareros",Pesquería,41,Nuevo León,19,81 1453 0005,"Reciclaje de aceites gastados, solventes contaminados (Glicoles contaminados del procesamiento de gas natural), solventes (metanol, etanol, ciclohexano, ciclo pentano, etilbenceno,  propanol, etilenglicol, thiner, aguarrás, tolueno y xileno) y líquidos de hidrocarburos contaminados (diesel, combustóleo, gasolinas, crudo y condensados recuperados de fondos de tanques de limpieza y de atención a contingencias ambientales) para formulación de combustible alterno.",19-IV-50-15,21/10/2015,21/10/2025,"10,500"
147,"Cronyng Mexicana, S.A. de C.V.","Industria Siderúrgica s/n, Parque Industrial Pesquería",Pesquería,41,Nuevo León,19,(55) 5684 2954 ,Solución acuosa de amina (AAA) contaminada para la obtención de Dimetilpropilamina (DMPA),19-IV-65-16,16/12/2016,16/12/2026,"14,802"
148,"Maquiladora de Lubricantes, S.A. de C.V.",Km 30.3 de la Carretera Monterrey-Colombia,Salinas Victoria,45,Nuevo León,19,(81) 8388 2775,"Aceites gastados de tratamiento en caliente de metales, aceites gastados de corte y enfriamiento, aceites solubles provenientes de alquilación de hidrocarburos, aceites lubricantes gastados, aceites automotrices usados, aceites bituminosos, grasas lubricantes usadas, aceites minerales, aceites crudos de petróleo y aceites contaminados con solventes sucios",19-IV-69-16,14/12/2016,14/12/2026,"134,400"
149,"Reciclaje Metalúrgico Ecológico, S.A. de C.V. ",Calle Camino Sendero Oriente No. 4,Salinas Victoria,45,Nuevo León ,19,(81) 1253 7284,"Lodos y plomo del equipo de control de emisiones de fundición y afinado en la producción secundaria de plomo; residuos de pigmentos base plomo; óxidos provenientes del horno en la producción secundaria de plomo u óxidos de bajo contenido de plomo; lodos del equipo de control de emisiones del afinado en la producción primaria de plomo; polvos del equipo de control de emisiones del afinado en la producción primaria de plomo; residuos de soldadura en la producción de circuitos electrónicos que contengan plomo; óxidos de plomo en diferentes presentaciones; óxidos y chorreaduras de estaño provenientes de soldaduras de aleaciones plomo-estaño; chatarra, sales y óxidos de níquel; colas en las plantas de manufactura de ferroaleaciones de hierro-níquel; lodos de manufactura de aleaciones de níquel; sales precipitadas de los baños de regeneración de níquel y piezas de catalizadores que contengan vanadio, para la recuperación de metales como plomo, estaño, níquel, cobre y vanadio.",19-IV-01-17 ,25/01/2017,25/01/2027,288
150,"Ternium México, S.A. de C.V.","Av. Universidad No. 992, Col. Cuauhtémoc, C.P. 66450. ",San Nicolás de los Garza,46,Nuevo León,19,(818) 865 28 28,Reciclaje de licor de ácido clorhídrico (cloruro ferroso gastado) proveniente de procesos de decapado de acero de terceros.,19-IV-82-10,01/07/2010,01/07/2020,"71,193"
151,"Zinc Nacional, S.A.","Manuel M. Ponce y Pedro Galindo s/n, Col. Lomas del Roble",San Nicolás de los Garzas,46,Nuevo León,19,(8) 342 68 61,"Polvos de acerías provenientes de terceros generados en hornos de arco eléctrico extranjeros y nacionales, así como cenizas generadas en  procesos de recuperación energética.",19-IV-36-14 (Prórroga),03/06/2014,03/06/2019,"310,000"
152,"Techemet, S.A. de C.V.",Constitución No. 905 Col. Fidel Velazquez 66496,San Nicolás de los Garza,46,Nuevo León,19,(81) 11 60 95 26,Catalizadores gastados de vehículos automotores,19-IV-37-16,15/06/2016,15/06/2026,"1,800"
153,"Diseño Estrategico, S.A. de C.V.",Av. Hernán Santos Cantú No. 228. Col. Desarrollo Industrial Monterrey. ,Santa Catarina,48,Nuevo León,19,81 80 33 27 40                                                                                                                                        81 80 33 27 41,"Reciclaje de lodos de tanques de almacenamiento de hidrocarburos, lodos separadores API y cárcamos en la refinación de petróleo y almacenamiento de productos derivados.",19-IV-77-10,16/07/2010,16/07/2020,"70,080"
154,"Recicladora Industrial de Acumuladores, S.A. de C.V.","Carretera a García Km. 1.2 Int. 11 Parque Industrial Gonher, C.P. 66350",Santa Catarina,48,Nuevo León,19,(81) 81 22 72 00,"Plomo metálico, propileno a partir de acumuladores automotrices usados y plástico polipropileno, así como de residuos con contenido de plomo, drosses y residuos de la manufactura de acumuladores.",19-IV-66-14,19/12/2014,19/12/2024,"122,623"
155,"Materiales Asfálticos, S.A. de C.V.",Calle Central No. 1410,Santa Catarina,48,Nuevo León,19,(81) 8032 6090,"Aceite lubricante automotriz usado, solventes recuperados mezcla de compuestos orgánicos (2 etilhexanol, diisooctilftalato, tolueno y xileno) para la formulación de combustible alterno",19-IV-68-16,16/12/2016,16/12/2026,"37,118"
156,Marina Josefina Pérez Montiel,"Calle Amargura s/n, en Paraje ""La Peña"",  Distrito de Tlacolula de Matamoras ",San Francisco Lachigoló,145,Oaxaca,20,(951) 516 30 32,Gases refrigerantes: tricloromonofluorometano y diclorodifluorometano.,20-IV-47-14,18/07/2014,18/07/2024,4
157,"Alternos y Reciclados Pavetech, S.A. de C.V.","Esquina Calle Valle Esmeralda con la Carretera Federal Oaxaca-Zimatlán de Álvarez, Col. Valle de Reyes",Villa Zaachila,565,Oaxaca,20,(951) 515 64 86,Residuos peligrosos tales como aceites lubricantes gastados.,20-IV-26-12,13/06/2012,13/06/2022,"2,850"
158,"Depósito Ecológico Ambiental, S.A. de C.V. (antes Convertidora de Aceites Usados, S.A. de C.V.)","Perímetro del Rancho San Felipe s/n, Localidad Chachapa 72990 ",Amozoc de Mota,15,Puebla,21,(222) 286 62 95,Solventes usados(Thinner) ,21-IV-02-10,08/01/2010,08/01/2020,562
159,*Jose Ignacio Vazquez Marin y/o C. Rosario Vazquez Marin,"Domicilio conocido a San José, C.P. 72980",Amozoc de Mota,15,Puebla,21,,"Disolventes orgánicos sucios, aceites lubricantes, y reciclaje de tambores.",21-15-PS-V-03-94,18/08/1994,Indefinida,"4,020"
160,María C. Rosario Vazquez Marin (antes Solventes San Martín),"Calle tres oriente S/N, Col. Santo Angel",Amozoc de Mota,15,Puebla,21,,Reciclaje de disolventes orgánicos y reciclaje de líquidos para frenos,21-15-PS-V-02-93,09/08/1993,Indefinida,605
161,"Ingeniería Especializada y Combustible Alterno, S.A de C.V.","Rancho María Inés s/n, Comunidad Bella Vista de Victoria, C.P. 75500",Plamar de Bravo,110,Puebla,21,(246) 4620 821,"Telas impregnadas con hidrocarburos, estopas impregnadas con hidrocarburos, pieles impregnadas con hidrocarburos, hules impregnados con hidrocarburos, madera impregnada con hidrocarburos, papel impregnado con hidrocarburos, cartón impregnado con hidrocarburos, natas de pintura base aceite, sólidos impregnados con grasas, pedacería de impermeabilizantes, envases contaminados con hidrocarburos y aceites lubricantes gastados",21-IV-27-17,42909,23/06/2027,146000
162,"Seguimiento en Trámites Crediticios de México, S.A. de C.V.","7 Sur No. 4929, C.P. 72430",Puebla,114,Puebla,21,(222) 213 2636,"Solventes organicos usados que incluyan como componentes en mayor proporción xileno, propanol butanol, o butil acetato.",21-IV-11-17,12/05/2017,12/05/2027,250
163,"LUB y REC de México, S.A. de C.V.",Av. Huejotzingo No. 6 ,Huejotzingo,74,Puebla,21,01 222 550 90 74,Aceite lubricante usado para elaboración de combustible alterno,21-IV-12-09,11/03/2009,11/03/2019,"89,000"
164,"Emilio Gómez Camacho e Hijos, S.A. de C.V.","Lote 8, Km. 230 Carr. Panamericana, Complejo Industrial Balvanera, S.A. de C.V., C.P. 76900.",Corregidora,6,Querétaro,22,01 442 225 05 26,"Reciclaje de residuos peligrosos como aceites lubricantes gastados, mismos que serán utilizados para la formulación de combustible alterno.",22-IV-70-11,27/09/2011,27/09/2021,"62,894"
165,"Wess Corporate, S.A. de C.V.","Lote 68, Parque Agro-Industrial La Cruz.",El Marqués,11,Querétaro,22,,"Solventes y disolventes como tolueno, acetona, éter, alcoholes y sus mezclas; y líquido fijador agotado.",22-IV-121-10,03/11/2010,03/11/2020,124
166,"Wess Corporate, S.A. de C.V.","Parque Agro-Industrial La Cruz,  Lote 68.",El Marqués,11,Querétaro,22,(442) 234 25 00,"Aceites lubricantes gastados, grasas, barnices, natas de pintura, solventes y residuos de alcoholes orgánicos como metanol y etanol, para su reciclaje energético como combustible alterno.",22-IV-57-11,28/07/2011,28/07/2021,125
167,"Drumex del Bajio, S.A. de C.V.","Calle Xicoténcatl No. 2, Col. Cumbres de Conin",El Marqués,11,Querétaro,22,(442) 277 4878,Tambos o contenedores metálicos y de plástico que contuvieron sustancias o residuos peligrosos,22-IV-04-16,21/01/2016,21/01/2026,"1,540"
168,"Bravo Energy México, S. de R.L. de C.V.","Mesa de León 107, Parque Industrial Querétaro, C.P. 72220.",Querétaro,14,Querétaro,22,(442) 240 93 10 ,Elaboración de combustible alterno a partir de aceites lubricantes usados automotriz,22-IV-18-16,15/04/2016,15/04/2026,"146,000"
169,"Procesos Ambientales Alfa, S.A. de C.V. (antes Proveedores Químicos y Materiales, S.A. de C.V.)","Calle 2 No. 8, Fraccionamiento Industrial Bénito Juárez",Querétaro,14,Querétaro,22,(442) 217 01 41,"Natas de pintura, solventes orgánicos, emulsiones aceite agua, soluciones de agua con aceite, soluciones gastadas ácidas, soluciones gastadas alcalinas y soluciones con metales pesados.",22-IV-48-14,07/08/2014,07/08/2024,"33,703"
170,Gerardo Lupercio Reyes,"Miguel Hidalgo No. 63, Col. Santa Matilde, C.P. 76810",San Juan del Río,16,Querétaro,22,(427) 142 00 29,"Envases que contuvieron remanentes de productos para pintura y productos relacionados de agentes secantes para pinturas, lacas y barnices.",22-IV-75-14,17/12/2014,17/12/2024,"72,000"
171,"PPG Industries de México, S.A. de C.V.","Libramiento a Tequisquiapan No. 66, Col. Valle de Oro, C.P. 76800. ",San Juan del Río,16,Querétaro,22,(427) 271 91 00,Solventes o disolventes o mezclas de solventes y disolventes sucios.,22-IV-36-11,26/05/2011,26/05/2021,360
172,"Fundametz México, S.A. de C.V.","Eje 134 No. 1348, Zona Industrial San Luis, Parque Fundidores, C.P. 78395.",San Luis Potosí,28,San Luis Potosí,24,52 (444) 824 23 50,"Baterías ácido-plomo usadas, desperdicios y desechos de plomo (placas, postes y uniones de plomo de baterías); chatarra de plomo metálico (pesas para rines, rodillos, quillas de barco, cortes de lámina, tuberías de plomo metálico) y desperdicios y desechos de óxidos de plomo y plomo antimonial.",24-IV-51-11,15/07/2011,15/07/2021,"24,865"
173,"Industrial Química Energética, S.A. de C.V. (antes Grasas y Lubricantes Mexicanos, S.A. de C.V.)","Ave. Fundidores No. 1302, Parque Industrial Fundidores, 78395.",San Luis Potosí,28,San Luis Potosí,24,(444) 824 15 42,"Reciclaje de aceites usados (lubricantes solubles, dieléctrico e hidráulico); combustibles ligeros (diafano, gasolinas, naftas, diesel y turbosinas) y solventes contaminados no clorados; así como alcoholes (metanol, etanol, isopropanol); aromáticos (benceno, tolueno, xilenos); ciclohexano; ciclohexanona; glicoles (monoetilen glicol, dietilen glicol, propilen glicol); cetonas (acetonas, etil-metil-cetona, metil-izobutil-cetona); aldehídos; hidrocarburos parafínicos (hexano, heptano) y acetatos (acetato de etilo).",24-IV-132-10,20/12/2010,20/12/2020,"38,676"
174,"Pochteca Materias Primas, S.A. de C.V.","Av. Industrias No. 5410, Zona Industrial del Potosí",San Luis Potosí,28,San Luis Potosí,24,(444) 824 01 89,"Solventes sucios, tales como: Solventes de purga en pintado, solventes usados en adhesivos, solventes usados en tintas y pinturas, medios de reacción en farmoquímica, solventes usados en perforación petrolera y solventes fuera de especificaciones en petroquímica.",24-IV-49-14,07/08/2014,07/08/2024,"3,780"
175,"Proquiter, S.A. de C.V.","Eje 134 No. 1362 Parque Industrial San Luis Potosí, C.P. 78395.",San Luis Potosí,28,San Luis Potosí,24,(444) 824 24 33,"Reciclaje de Acetato de Etilo (10-80%); Butilcellosolve (10-30%); Ciclohexano; Ciclohexanona; Gas Nafta (5-10%); Hexano (10-30%); Isopropanol (10-30%); Metanol (5-40%); Tolueno (2-50%); Xileno (10-20%); Etanol y Sales de Medicamentos Caducos (sulfato de sodio, acetaminofen, ibuprofeno y demás sales incluidas en los medicamentos caducos; metil isobutil cetona.",24-IV-13-11,22/02/2011,22/02/2021,200
176,"Tekmol de México, S.A. de C.V.","Av. Producción s/n Esq. Eje 120, Zona Industrial, C.P. 78395",San Luis Potosí,28,San Luis Potosí,24,(444) 71 67 10 00,Aceites usados.,24-IV-44-12,13/09/2012,13/09/2022,900
177,"Versisa, S.A. de C.V.","Crisol No. 1315 Zona Industrial del Potosí, C.P. 78395",San Luis Potosí,28,San Luis Potosí,24,(444) 803 89 42,Baterías de desecho base plomo y polvos de procesos industriales con contenido de plomo.,24-IV-86-11,07/12/2011,07/12/2021,"16,000"
178,"Yereh Chem, S.A. de C.V.","Eje 134 No. 1325, Parque Industrial de Fundidores",San Luis Potosí,28,San Luis Potosí,24,(55) 53 35 34 72,Solventes gastados.,24-IV-29-14,23/04/2014,23/04/2024,800
179,"Gen Industrial, S.A. de C.V. (antes CH Desperdicios Industriales, S.A. de C.V.)","Eje 118 No. 100, Esq. Con Carretera 57,  Zona Industrial, C.P. 78395",San Luis Potosí,28,San Luis Potosí,24,(444) 824 57 76,agua contaminada con hidrocarburos provenientes de terceros,24-IV-36-15,19/11/2015,19/11/2025,"11,000"
180,"EWR, S.A. de C.V. (antes Omega Recy, S.A. de C.V.; Omega Solder México, S.A. de C.V.; Organización Metal Vert, S.A. de C.V.)","Eje 132 No. 399 Parque Industrial de los Fundidores, C.P. 78395",San Luis Potosí,28,San Luis Potosí,24,(444) 824 00 03,"Recuperación de plomo, cobre, óxido de zinc, aleación plomo-estaño, trióxido de arsénico y sales de cadmio a partir de desperdicios de baterías de plomo y plomo ácido, escorias de cobre y plomo, residuos de soldadura, residuos de estaño y polvo del colector de cobre, circuitos modulares constituidos por componentes eléctricos y/o electrónicos sobre tablilla aislante con circuito impreso como: tarjetas de video, placas de sodio, tarjetas de red y otros PCI, ISA o tarjetas AGP que salen de las computadoras de escritorio, personales, portátiles y servidores de chatarra, etc., o cualquier otro desecho electrónico que contenga tarjetas, tarjetas provistas de circuitos integrados electrónicos (tarjetas inteligentes), así como dispositivos de almacenamiento no volátil, recargables, formados a base de elementos de estado sólido (semiconductores), como tarjetas de memoria flash, tarjeta de almacenamiento electrónico flash, memory stick, card, secure digital, compact flash Smart media, polvos de acería, desperdicios y desechos de estaño, desperdicios y desechos de plomo y desperdicios y desechos de cobre, circuitos modulares reconocidos como concebidos y residuos en cualquier presentación de circuitos modulares",24-IV-08-16 (Prórroga),10/02/2016,10/02/2026,"28,729"
181,"Petroquímica de Aceites, S.A. de C.V.","Eje 132 No. 399 Parque Industrial de los Fundidores, C.P. 78395",San Luis Potosí,28,San Luis Potosí,24,(444) 824 14 16,Aceites lubricantes gastados y elaboración de combustible a partir de éstos.,24-IV-09-17,21/04/2017,21/04/2027,"2,000"
182,"Residuos Mexicanos, S.A. de C.V.","Eje 136 No. 258, Zona Industrial",San Luis Potosí,28,San Luis Potosí,24,(444) 825 5263,"Aceites lubricantes usados y mezclas de solventes usados que contengan acetona, acetato de etilo, butil cellsolve, ciclohexano, ciclohexanona, gas nafta, hexano, isopropanol, metilisobutilcetona, metanol, tolueno, xileno y etanol para la elaboración de combustible alterno",24-IV-14-17,12/05/2017,12/05/2027,"5,294"
183,Marcelo Campista León,"Carretera Culiacán-Novolato No. 6523 d-10, Col. Alto de Bachigualato.",Culiacán,6,Sinaloa,25,(667) 275 01 24,"Solventes sucios: Exxsol D40, acetato de etilo, isopropanol, xileno, butil cellosolve, acetona, tolueno, heptano, hexano.",25-IV-14-14,05/03/2014,05/03/2024,115
184,"Grupo Asfálticos Procesados, S.A. de C.V.","Carretera Internacional Km 272, Ejido El Pozole, Comunidad de Villa Unión",Mazatlán,12,Sinaloa,25,(667)  761 4158,Aceites usados,25-IV-07-16,03/02/2016,03/02/2026,"52,080"
185,"Coba Industrial, S.A. de C.V.","Carrera a Tecoripa Km 11 s/n, Parque Industrial Hermosillo",Hermosillo,30,Sonora,26,(662) 212 12 00,"Aceite lubricante gastado para la formulación de combustible alterno, así como filtros residuales.",26-IV-40-14,11/06/2014,11/06/2024,"2,200"
186,"Residuos Industriales Multiquim, S.A. de C.V.","Av. de los Papagos lotes 2 y 3, entre Carretera a Sahuaripa y Pimas, Col. Parque Industrial.",Hermosillo,30,Sonora,26,(81) 81 52 21 59,"Residuos sólidos peligrosos tales como: sólidos de mantenimiento automotriz, contenedores vacíos, cartón y plástico contaminados con aceites y solventes, filtros en desuso, medicamentos caducos y polvos de pinturas.",28-IV-48-11,06/07/2011,06/07/2021,"25,000"
187,"Recolectora de Desechos y Residuos King Kong, S.A. de C.V.",Calle del Plomo # 33-B  Parque Industrial Hermosillo 83299,Hermosillo,30,Sonora,26,(662) 251 03 17,"Reciclaje de residuos peligrosos líquidos y/o líquidos contaminados con residuos peligrosos, tales como: corrientes de hidrocarburos, aceites gastados y aceites gastados contaminados.",26-IV-15-16,22/03/2016,22/03/2026,"13,500"
188,"Cerecyt, S.A. de C.V.","Acceso Principal a Ra. González 1° Sección, a 0.750 Km del Entronque con Carretera Coatzacoalcos-Villahermosa",Centro,4,Tabasco,27,(993) 380 21 28,"Aguas aceitosas, lodos o sólidos sedimentados durante el tratamiento de agua residual industrial aceitosa, lodos o sólidos sedimentados en unidades de tratamiento biológicos, líquidos remanentes, lodos impregnados con hidrocarburos y residuos líquidos contaminado con hidrocarburos.",27-IV-32-14,02/05/2014,02/05/2024,"280,320"
189,"Sercami Ambiental, S.A. de C.V.",Acceso principal a la Ranchería González 1a Sección a 0.950 Km del entronque con la Carretera Coatzacoalcos-Villahermosa (Km 157+000).,Centro,4,Tabasco,27,(993) 352 2886,Aceites lubricantes usados (automotriz e industrial),27-IV-53-16,30/09/2016,30/09/2026,"10,000"
190,"Reciclados Ecológicos y Alternos Masu, S.A. de C.V.","Camino Vecinal s/n, Ranchería  Pechucalco 2a Sección",Cunduacán,6,Tabasco,27,(461) 159 55 00,"Aceites usados de motor, solventes sucios, diesel manchado y gasolinas sucias o contaminadas.",27-IV-32-16,03/06/2016,03/06/2026,"14,560"
191,"Geocycle México, S.A. de C.V. Planta Macuspana (antes Ecoltec, S.A. de C.V. Planta Macuspana)",Carr. Villahermosa Escárcega Km. 68.5,Macuspana,12,Tabasco,27,57 24 00 00,"Elaboración de combustible alterno a partir de residuos peligrosos, así como materiales susceptibles de ser coprocesados o reciclados, a excepción de los indicados en la Tabla No. 1 (BPC's en concentración superior a 50 ppm, plaguicidas organoclorados y organofosforados a excepción de los envases vacíos que fueron sometidos a triple lavado, dioxinas y dibenzofuranos policlorados, residuos radiactivos, gases comprimidos, residuos biológico infecciosos, hexaclorobenceno, hexaclorobutadieno y hexacloroetano, cianuros en donde éste sea el agente primario, baterías enteras, explosivos, circuitos y componentes electrónicos, y residuos del manejo de la fibra de asbesto).",27-IV-70-08 (Prórroga),28/11/2008,28/11/2018,462800
192,"Cleanmex, S.A. de C.V.","Carr. Sendero Nacional Km. 8.3, Zona Indutrial H. Matamoros",Matamoros,22,Tamaulipas,28,(868) 811 19 00                                                                                                                                                                                                                                                          Ext. 101,Reciclaje de aceite mineral residual.,28-IV-17-09 (Prórroga),19/03/2009,19/03/2019,"10,000"
193,"Cleanmex, S.A. de C.V.","Carr. Sendero Nacional Km. 8.3, Zona Industrial H. Matamoros",Matamoros,22,Tamaulipas,28,(868) 811 19 00                                                                                                                                                                                                                                                          Ext. 101,Reciclaje de residuos peligrosos consistentes en sustancias líquidas o semilíquidas con pH alcalino y ácido.,28-IV-18-09 (Prórroga),19/03/2009,19/03/2019,"45,000"
194,"Icon Recycling, S. de R.L. de C.V.","Av. Prolongación Uniones y Av. Michigan No. 150-A, Parque Industrial del Norte FINSA, C.P. 87316.",Matamoros,22,Tamaulipas,28,(868) 203 05 99,Tubos de rayos catódicos contenidos en equipos electrónicos (monitores y televisores).,28-IV-37-13,29/11/2013,29/11/2023,"27,240"
195,"M3 Resources México, S. de R.L. de C.V.","Av. Industrial del Norte Mz. 6 Lt. 1 Parque Industrial del Norte, C.P. 88736",Reynosa,32,Tamaulipas,28,(55) 52 02 76 22,Reciclar plomo a partir de baterías automotrices e industriales usadas y otros desechos con contenido de plomo,28-IV-52-16,13/10/2016,13/10/2026,"80,000"
196,"Fundidora VH, S.A. de C.V. (antes Hornos de Fundición, S.A. de C.V.)",Carretera 120 km 86+200 tramo Valle Hermoso - Las Yescas 87500,Valle Hermoso,40,Tamaulipas,28,(894) 882 38 39,"Plomo metálico y compuestos de plomo, así como también acumuladores de plomo y plomo proveniente de acumuladores usados.",28-IV-27-08,17/06/2008,17/06/2018,"9,500"
197,"Metalurgic Xicohténcatl, S. de R.L. de C.V.","Cd. Industrial de Xicohténcatl III Lt. 2-A, Mz. Uno, Km 15 de la Carretera  Apizco-Tlaxco",Tlaxco,34,Tlaxcala,29,(779) 796 07 79,"Baterías plomo-ácidas usadas, grupos de placas de baterías, óxidos y sulfato de plomo, así como ladrillo refractario molido con dross plomoso.",29-IV-49-09,01/06/2009,01/06/2019,"65,515"
198,"*Enertec México, S. de R.L. de C.V. (antes Acumuladores Mexicanos, S.A. de C.V. (Planta Tlaxcala))","Km. 34, Carretera Tlaxcala-Puebla, Col. San Francisco Papalotla",Papalotla de Xicohténcatl,41,Tlaxcala,29,,Reciclaje de residuos peligrosos para la recuperación de plomo a partir de baterias,21-41-PS-V-01-94,07/02/1995,Indefinida,"30,600"
199,"Oapa, S.A. de C.V.","Carr. Puebla-Tlaxacla Km. 14.5, Corredor Iondustrial Xicotencatl",Papalotla de Xicohténcatl,41,Tlaxcala,29,,Reciclaje de pasta aglutinada con contenido de asbesto para la fabricación de ladrilos refractarios.,29-33-PS-III-02-95,08/06/1995,Indefinida,174
200,"Compañía Recicladora de Hidrocarburos, S.A. de C.V.","Camino a Santa Ana S/N, Localidad del Paraje Nuevo",Amatlán de Los Reyes,14,Veracruz,30,(229) 986 45 21,"Residuos peligrosos para la elaboración de combustible alterno a partir de gasolina, diesel y naftas usados provenientes de estaciones de servicio y talleres automotrices, lodos de separación primaria de aceites/agua/sólidos de la refinación del petróleo, lodos de separación secundaria de aceites/agua/sólidos o cualquier lodo o nata generado en la separación física y/o química de aguas residuales de proceso y aguas residuales aceitosas de las refinerías de petróleo, lodos del separador de API y cárcamos en la refinación del petróleo y almacenamiento de productos derivados y lodos de tanques de almacenamiento de hidrocarburos y derivados (tanques fijos, cisternas y buque tanques).",30-IV-20-12,14/05/2012,14/05/2022,"4,725"
201,"Proveedora Industrial Myca, S.A. de C.V.","Av. Palmeras No. 646 Local 11 Fraccionamiento Jardines de Virginia, C.P. 94294.",Boca del Río,28,Veracruz,30,(229) 130 41 10,"Lodos de separadores API, cárcamos en la refinería del petróleo y almacenamiento de productos derivados, así también en lodos de tanques de almacenamiento de hidrocarburos; lodos de separación primaria de aceite/agua/sólidos de la refinación del petróleo cualquier lodo generado por separación gravitacional de aceite/agua/sólidos durante el almacenamiento o tratamiento de aguas residuales de proceso y aguas residuales aceitosas de enfriamiento de refinería de petróleo, los lodos incluyen, pero no se limitan a aquellos generados en separadores de aceite/agua/sólidos; tanques y lagunas de captación; zanjas y otros depósitos de transporte de agua pluvial, lodos generados de agua de enfriamiento sin contacto, de un solo paso, segregadas para tratamiento de otros procesos o aguas de enfriamiento aceitosa y lodos generados en unidades de tratamiento biológico; lodos de separación secundaria (emulsificadores) de aceite/agua/sólidos y cualquier lodo y/o nata generada en la separación física y/o química de aceite/agua/sólido de aguas residuales de proceso y agua residual aceitosas de enfriamiento  de las refinerías del petróleo, tales residuos incluyen, pero no se limitan, todos los lodos y las natas generadas en unidades de flotación de aire inducida, tanques y lagunas de captación y todos los lodos generados en unidades DAF (flotación con aire suelto) lodos generados de agua de enfiramiento sin contacto, de un solo paso, segregadas para tratamiento de otros procesos o agua de enfriamiento aceitosas, lodos y natas generados en unidades de tratamientos biológicos, lodos de los separadores API y cárcamos en la producción de petroquímicos, sedimentos impregnados de hidrocarburos provenientes de las corridas de diablo y otros residuos sólidos peligrosos.",30-IV-31-11,30/05/2011,30/05/2021,"7,287.10"
202,"Reind Química, S. de R.L. de C.V. (antes Reind Química, S.A. de C.V.)","Carretera Coatzintla-Coralillos, Ejido de Coatzintla",Coatzintla,36,Veracruz,30,59 21 59 21 ,"Aguas aceitosas producto de la perforación de pozos petroleros, aguas de servicio de pozos petroleros y sosas gastadas.",30-IV-37-08,07/07/2008,07/07/2018,"224,800"
203,"Lim del Puerto, Logística, Ingeniería y Mantenimiento del Puerto, S.A. de C.V.","Calle Chihuahua No. 908, Col. Petrolera, 96500  "," Coatzacoalcos, ",39,Veracruz,30,(92) 2172 9210,"Gasolina, diesel y naftas gastados o sucias; lodos contaminados o impregnados con hidrocarburos; lodos contaminados con hidrocarburos intemperizados; lodos y aceites de la separación primaria de aceite/agua/sólidos; lodos generados por separación gravitacional de aceite/agua/sólidos durante el almacenamiento o tratamiento de aguas residuales de proceso y aguas residuales aceitosas de enfriamiento; lodos generados en separadores de aceite/agua/sólidos, tanque y lagunas de captación, zanjas y otros dispositivos de transporte de agua pluvial; lodos generados de aguas de enfriamiento sin contacto, de un solo paso, segregados para tratamiento de otros procesos o aguas de enfriamiento aceitosas; lodos y aceites de la separación secundaria (emulsificados) de aceite/agua/sólidos; lodos y/o natas generados en la separación física y/o química de aceite/agua/sólidos de aguas residuales de proceso y aguas residuales aceitosas de enfriamiento; lodos y las natas generados en unidades de flotación de aire inducida, tanques y lagunas de captación y los generados en unidades daf (flotación con aire disuelto); lodos y aceites del separador API y cárcamos; lodos y aceites generados del almacenamiento de hidrocarburos y sus derivados (tanques fijos, cisternas, autotanques, buques tanques, entre otros) ",30-IV-42-16,07/07/2016,07/07/2026,"500,000"
204,"Geocycle México, S.A. de C.V. Planta Orizaba (antes Ecoltec, S.A. de C.V. Planta Orizaba)","Blvd. Fernando Gutiérrez Barrios No. 84, Col. Cruz Verde, Ixtaczoquitlán",Ixtaczoquitlán,85,Veracruz,30,57 24 00 00,"Elaboración de combustible alterno a partir de residuos peligrosos, así como materiales susceptibles de ser coprocesados o reciclados, a excepción de: Bifenilos policlorados en concentración superior a 50ppm, plaguicidas organoclorados y organofosforados a excepción de los envases vacíos que fueron sometidos a triple lavado, dioxinas y dibenzofuranos policlorados, residuos radioactivos, gases comprimidos, residuos biológico infecciosos, hexaclorobenceno, hexaclorobutadieno y hexacloroetano, cianuros en donde éste sea el agente primario, baterías enteras, explosivos, circuitos y componentes electrónicos, y residuos del manejo de la fibra de asbesto.",30-IV-26-09 (Prórroga),23/03/2009,23/03/2019,"128,000"
205,"Ingenio Pánuco, S.A.P.I. de C.V.","Alto del Estero S/N, C.P. 92000",Pánuco,123,Veracruz,30,(846) 266 16 77,Aceites lubricantes usados propios.,30-IV-65-14,31/10/2014,31/10/2024,4.16
206,Rafael Salazar Jiménez,"Camino Nacional Perote-Colonia Francisco I Madero s/n, de la Colonia Libertad.",Perote,128,Veracruz,30,(226) 316 21 76,"Residuos peligrosos tales como: Aceites lubricantes gastados, diesel contaminado y combustóleo.",30-IV-131-10,17/12/2010,17/12/2020,"4,200"
207,"Consorcio Ambiental y Construcción, S.A. de C.V.","Pozo 13 No. 1, Col. Yanga, C.P. 93270",Poza Rica,131,Veracruz,30,(782) 821 98 41,"Residuos peligrosos generados de la limpieza de tanques de almacenamiento de hidrocarburos, fosas, cárcamos, pilas, presa API y presas naturales contaminadas con hidrocarburos u otros residuos provenientes del petróleo.",30-IV-77-14,19/12/2014,19/12/2024,"100,000"
208,"Petrosoluciones del Sureste, S.A. de C.V.",Camino a San Miguel No. 4,Las Vigas de Ramírez,132,Veracruz,30,(228) 180 48 46,"Aceites usados (automotrices e industriales), mezclas aceite/agua y residuales de refinación provenientes de terceros, para la formulación de combustible alterno.",30-IV-43-14,15/07/2014,15/07/2024,"144,000"
209,"Ecología y Manejo de Residuos, S.A. de C.V.","Tablaje Catastral Santa Cruz No. 326, Km 3 de la Carretera a Chicxulub Pueblo Chicxulub Puerto, Localidad de Chicxulub Pueblo",Chicxulub Pueblo,20,Yucatán,31,999 927 0066,"Hidrocarburos gastados  o contaminados como aceites lubricantes gastados, solventes y aguas contaminadas con hidrocarburos, así como filtros, envases plasricos, textiles, lodos y tambores provenientes de terceros",31-IV-53-15,19/11/2015,19/11/2025,"11,340"
210,Manuel Saucedo Palafox,"Boulevard San José No. 1023, Colonia Mesoamérica, C.P. 99000.",Fresnillo,10,Zacatecas,32,(493) 932 41 42,"Reciclaje de aceites usados automotriz e industrial, para la elaboración de combustible alterno.",32-IV-02-11,17/01/2011,17/01/2021,432
211,"Lavandería Industrial Maypa, S.A. de C.V.","Calle Mar Bermejo No. 22, Ciudad Industrial, Garita de Otay, C.P. 22509 ",Tijuana,4,Baja California,2,(664) 640 5054,Reciclaje de solventes orgánicos gastados…,02-IV-43-17,27/11/2017,27/11/2027,189
